equipo,pts5,pts10,gf5,gc5,gf10,gc10,tap_f5,tap_c5,tiros_f10,tiros_c10,elo_tend,fecha
AC Sparta Praha (CZE),0.0,0.5,0.6,3.0,0.875,2.625,,,,,-13.361622836032666,2025-01-29
AEK,1.8,2.0,2.4,0.6,1.9,0.5,6.6,3.2,15.7,10.2,-3.388372808404938,2026-09-13
APOEL Nikosia (CYP),0.4,0.2,0.4,2.8,0.2,2.7,,,,,4.759811148871904,2017-12-06
AVS,1.8,1.2,1.6,1.0,0.9,1.0,3.8,6.0,11.9,17.0,45.075988727948925,2026-05-16
AZ Alkmaar,2.6,2.0,3.0,1.2,2.3,1.2,8.2,3.0,18.9,10.5,30.890211743145528,2026-09-11
Aalen,0.8,1.3,1.6,2.2,1.7,1.6,,,,,-13.767507807005359,2015-05-24
Aberdeen,0.8,1.1,0.8,1.2,1.2,1.4,2.6,6.6,9.9,15.0,4.964250131381505,2026-09-15
Academica,0.4,0.6,0.6,1.6,1.0,1.8,,,,,-10.6375050721133,2016-05-14
Academico Viseu,1.4,1.3333333333333333,1.0,1.4,1.1666666666666667,1.5,2.8,4.8,9.5,17.833333333333332,3.0541593435477807,2026-09-12
Ad. Demirspor,0.8,0.4,1.4,3.0,0.9,3.2,4.8,8.6,10.2,19.0,-14.585595856471855,2025-05-31
Adanaspor,1.0,0.8,1.0,1.4,1.2,2.3,,,,,8.174612957373483,2017-06-03
Ajaccio,1.0,1.2,0.6,1.2,1.0,1.4,2.4,4.6,10.8,12.7,-1.4744268549663957,2025-05-10
Ajaccio GFCO,0.4,0.9,0.8,1.6,0.6,1.1,4.6,2.8,13.5,9.2,-18.04285094233319,2019-05-17
Ajax,2.0,1.8,3.4,1.4,2.4,1.1,8.4,5.0,19.9,12.1,8.408581019620897,2026-09-15
Akhisar Belediyespor,0.6,0.6,0.6,1.2,0.9,1.5,3.4,5.2,13.6,15.9,-9.648567977264065,2019-05-25
Alanyaspor,1.6,1.2,1.2,1.0,1.2,1.2,2.6,4.8,11.3,12.6,10.274794871947506,2026-09-12
Alaves,1.4,1.7,1.6,1.2,1.5,0.9,4.6,4.2,13.2,10.8,5.92888674189021,2026-09-15
Albacete,0.2,1.3,0.6,1.6,1.1,1.2,4.0,5.0,11.4,15.8,-28.131556623223105,2026-09-12
Alcorcon,0.6,1.1,1.0,1.4,0.8,1.0,4.8,5.8,12.5,15.6,-2.1890005269674475,2024-06-02
Alessandria,1.6,0.9,1.2,0.8,0.9,1.7,3.8,2.8,11.3,11.0,12.10476382343927,2022-05-06
Almere City,0.6,0.8,0.6,1.4,0.8,1.6,4.6,4.0,15.2,14.5,-8.467431680151094,2025-05-18
Almeria,1.8,1.6,1.6,0.8,1.5,1.1,3.4,2.8,14.7,13.3,2.0866161514416035,2026-09-12
Altay,0.8,0.8,1.0,1.6,1.0,1.6,4.4,3.4,11.0,11.9,-7.49338257686145,2022-05-21
Alverca,1.0,0.9,1.6,1.8,1.1,1.5,3.4,5.2,9.2,12.7,1.8690158015970155,2026-09-12
Amedspor,2.0,2.0,2.4,1.0,2.4,1.0,4.6,3.4,15.6,9.0,,2026-09-13
Amiens,0.0,0.1,0.6,2.8,0.9,2.6,3.0,7.2,11.7,14.8,-34.874642145547796,2026-05-09
Amorebieta,1.4,1.5,0.6,1.2,1.1,1.4,2.8,5.4,10.8,14.8,8.100074727059337,2024-06-02
Anderlecht,1.4,1.5,0.4,0.8,1.1,1.4,4.0,3.4,15.0,11.7,-3.309565516562998,2026-09-11
Andorra,0.6,0.6,1.6,2.0,1.4,1.7,6.4,3.4,18.5,8.4,-29.691767638605143,2026-09-12
Angers,1.0,0.7,1.0,1.2,0.9,1.6,2.8,6.2,11.4,16.3,10.049246085709001,2026-09-12
Ankaragucu,0.6,1.0,1.2,1.8,1.3,1.6,6.2,4.2,13.5,12.6,-13.036825618978355,2024-05-26
Annecy,1.4,1.9,1.4,1.4,2.1,1.2,4.4,4.6,11.2,11.9,1.7415752221193088,2026-09-12
Antalyaspor,0.8,0.8,0.6,1.6,0.9,1.7,3.4,4.8,12.3,13.4,-12.011194019468348,2026-05-17
Antwerp,0.8,1.1,1.8,2.4,1.3,1.7,6.0,6.6,16.1,16.4,-11.772022262370456,2026-09-13
Apollon,1.2,0.9,1.2,1.8,0.7,1.8,4.2,3.6,5.6,9.5,12.132234962121402,2022-05-15
Arezzo,1.5,1.5,1.25,2.25,1.25,2.25,2.75,5.25,12.5,13.5,,2026-09-11
Aris,1.8,2.2,1.6,2.0,1.9,1.5,6.4,4.4,15.4,10.9,8.367233204211516,2026-09-13
Arles,1.2,0.9,1.4,1.6,0.8,1.3,,,,,13.275747739741973,2015-05-22
Arouca,1.4,1.7,1.4,1.0,1.7,1.1,4.0,5.6,11.3,13.9,2.717091063233511,2026-09-13
Arsenal,2.6,2.8,1.8,0.4,1.7,0.3,5.5,2.25,14.625,8.5,10.087874047353353,2026-09-12
Ascoli,2.0,1.6,1.2,0.8,0.9,0.7,4.4,3.8,13.2,11.2,12.774468782306485,2026-09-12
Asteras Tripolis,0.8,1.2,0.8,1.6,1.1,1.3,5.0,4.6,12.8,11.9,-11.3191067528021,2026-09-13
Aston Villa,0.8,1.1,0.6,1.6,1.4,1.8,2.2,4.4,10.7,14.1,-21.142879985240825,2026-09-12
Atalanta,1.4,1.2,1.2,1.2,1.2,1.3,4.2,6.0,12.9,15.8,-10.272958178493127,2026-09-12
Ath Bilbao,1.4,1.1,1.4,1.2,1.4,1.6,4.4,4.4,13.9,9.7,9.044761197453681,2026-09-12
Ath Bilbao B,0.8,0.5,1.0,1.4,1.0,1.7,,,,,-5.519272471457498,2016-06-04
Ath Madrid,2.0,1.9,2.4,1.2,1.8,1.3,6.0,3.8,15.2,12.5,2.814864182996871,2026-09-16
Athens Kallithea,1.6,1.5,1.0,1.0,1.1,1.3,3.6,3.6,9.9,10.8,14.641184894769594,2025-05-18
Atromitos,1.0,1.1,1.8,1.0,1.8,1.4,3.8,3.8,11.8,12.3,-0.4128894086888977,2026-09-12
Augsburg,2.0,1.9,2.4,1.6,2.1,1.4,7.2,6.2,15.2,19.6,22.142337333430987,2026-09-12
Austria Wien (AUT),1.0,0.8333333333333334,1.0,1.8,0.8333333333333334,1.6666666666666667,,,,,11.668970011300416,2013-12-11
Auxerre,1.2,1.4,1.4,2.2,1.6,1.8,5.0,5.8,11.3,13.1,-0.8519931509129037,2026-09-12
Avellino,2.0,1.7,1.4,0.6,1.2,0.7,5.2,3.8,11.2,14.5,20.072327763428348,2026-09-13
Aves,0.6,0.4,0.2,2.6,0.1,2.1,2.6,6.4,9.1,13.9,-11.00858801622826,2020-07-26
BATE Borisov (BLR),1.0,0.5,0.8,1.6,0.5,2.9,,,,,19.36907404298745,2015-12-09
BSC Young Boys (SUI),0.0,0.3,0.6,3.0,0.6,2.6,,,,,-21.37295497855257,2025-01-29
Balikesirspor,1.4,1.2,2.2,2.0,2.1,2.0,,,,,7.791880400072387,2015-05-29
Barcelona,3.0,2.4,4.6,1.2,3.4,1.1,8.8,3.4,17.0,8.7,16.489422576368042,2026-09-16
Barcelona B,1.4,0.7,1.2,1.2,1.0,1.6,4.8,4.0,15.0,10.0,11.562395265410487,2018-06-02
Bari,1.2,1.2,1.0,1.8,1.3,2.0,2.0,6.4,8.8,17.7,-1.0961894905860845,2026-05-08
Barnsley,0.0,0.5,0.4,2.6,0.7,2.1,4.6,5.4,11.6,13.9,-48.45335198156363,2022-05-07
Bastia,1.4,1.0,1.4,1.4,1.1,1.4,4.4,3.4,12.5,9.4,8.884201790187717,2026-05-09
Bayern Munich,2.6,2.1,2.6,0.6,2.9,1.7,7.2,2.6,20.125,11.25,0.6304213378016357,2026-09-13
Beerschot VA,1.2,1.0,2.0,1.8,1.2,1.4,3.8,5.6,10.4,15.8,14.76587662923157,2025-05-10
Beira Mar,1.2,0.8,1.6,2.0,1.2,1.7,,,,,-5.764109527993469,2013-05-19
Belenenses,1.0,1.1,1.0,1.2,0.9,1.0,3.2,5.0,10.5,16.0,-0.3139706914898852,2022-05-14
Benevento,0.8,1.0,1.4,1.6,1.4,1.6,4.0,4.0,15.2,14.6,-8.815310937905679,2026-09-11
Benfica,3.0,2.4,3.8,0.4,3.2,1.0,7.2,1.2,19.1,7.7,16.576270962235867,2026-09-13
Bergen,1.8,1.2,1.8,1.6,1.3,2.1,,,,,21.102994328986142,2014-03-16
Besiktas,2.4,1.7,2.4,0.8,1.8,1.0,6.0,1.8,17.6,11.6,15.2947803685679,2026-09-11
Betis,2.4,2.2,1.4,1.2,1.5,1.3,6.8,6.2,16.6,13.8,14.449209708071749,2026-09-17
Beveren,1.8,1.5,1.2,1.6,1.1666666666666667,1.6666666666666667,3.6,4.8,11.333333333333334,14.833333333333334,12.789738057376098,2026-09-12
Beziers,1.6,1.5,1.4,1.0,1.6,1.6,5.2,7.0,10.8,16.7,19.0610658669234,2019-05-17
Bielefeld,0.8,1.2,1.6,2.0,1.9,1.7,4.2,4.8,15.0,12.0,-12.27538134223164,2026-09-11
Birmingham,1.6,1.7,1.6,1.4,1.5,1.2,5.0,4.4,13.3,12.1,16.506327013541068,2026-09-12
Blackburn,0.8,1.2,1.2,1.4,1.4,1.3,3.6,3.2,11.2,15.5,-9.885900296072123,2026-09-12
Blackpool,1.8,1.2,1.0,1.0,1.5,1.9,3.6,4.0,11.9,15.5,14.460120284059258,2023-05-08
Boavista,1.2,0.9,1.0,2.4,0.9,1.9,2.8,7.0,10.6,16.4,8.882833226434514,2025-05-17
Bochum,1.4,1.5,0.8,0.8,1.0,1.0,3.8,3.4,13.4,12.6,-10.516588123262409,2026-09-12
Bodrumspor,0.6,1.0,0.6,1.6,0.8,1.4,4.4,4.0,11.4,12.0,-13.455140371234847,2025-06-01
Bologna,0.4,0.9,1.0,1.6,0.9,1.4,3.6,3.8,11.7,10.9,-16.319978607639086,2026-09-13
Bolton,0.6,0.7,1.0,2.2,0.7,1.6,5.4,5.8,12.11111111111111,12.88888888888889,-5.520260559203734,2026-09-12
Bordeaux,1.8,1.3,2.2,1.4,1.9,1.8,5.2,4.8,13.0,11.7,-0.6212522748890024,2024-05-17
Boulogne,0.8,0.5,0.4,0.6,0.6,1.4,5.0,4.2,9.9,10.8,-0.2724876264583145,2026-09-11
Bourg Peronnas,0.8,0.9,1.4,3.6,1.2,2.5,3.4,6.8,10.4,10.6,-12.249513277173264,2018-05-11
Bournemouth,0.8,1.5,1.4,1.6,1.6,1.2,5.6,4.4,14.1,11.4,-5.4894343999719695,2026-09-12
Braunschweig,0.8,1.1,2.4,2.4,1.7,1.7,8.4,5.4,13.8,14.0,-8.453469114164363,2026-09-12
Brentford,1.4,1.2,1.6,1.0,1.4,1.2,3.8,5.8,13.6,15.5,11.645680422581336,2026-09-12
Brescia,1.6,1.3,1.2,1.0,1.1,1.1,3.6,3.2,13.1,14.2,7.080260201651299,2025-05-13
Brest,1.2,0.8,1.4,1.4,1.2,1.8,6.4,4.0,14.9,14.7,-1.5161885100380914,2026-09-13
Brighton,1.4,1.4,2.6,1.6,2.2,1.4,5.2,4.8,16.2,10.2,-0.16965214469269085,2026-09-13
Bristol City,1.8,1.4,1.6,1.6,1.5,1.6,4.8,3.0,12.7,12.8,12.884362124206518,2026-09-15
Burgos,1.6,1.9,1.6,1.2,1.2,0.6,2.8,4.6,11.0,15.0,1.221082622975473,2026-09-11
Burnley,0.4,0.5,1.0,2.2,1.1,2.0,3.8,4.6,13.7,14.2,-37.25412928622245,2026-09-12
Bursaspor,1.6,1.0,0.6,0.6,0.6,0.9,3.4,2.2,14.4,9.2,9.908973205583152,2019-05-26
Burton,1.8,1.1,1.6,1.8,1.2,1.9,5.8,3.2,11.0,14.6,16.87137923979435,2018-05-06
Buyuksehyr,0.8,1.4,1.2,2.2,1.7,1.6,3.0,5.4,13.4,13.2,-28.77811126997767,2026-09-13
CA Bastia,0.6,0.7,1.0,2.4,0.8,1.6,,,,,-9.00281732950657,2014-05-16
CFR Cluj (ROU),1.4,1.6666666666666667,1.4,1.4,1.5,1.1666666666666667,,,,,10.33946204859376,2012-12-05
CSKA Moskva (RUS),1.2,1.3,1.2,1.4,1.3,1.4,,,,,22.129358934654192,2018-12-12
Cadiz,0.6,0.8,1.0,1.4,1.2,1.5,2.8,5.8,9.1,15.1,-9.76719446731704,2026-09-12
Caen,0.4,0.6,0.8,2.4,1.0,2.1,3.4,6.4,12.0,13.5,-22.253050409529123,2025-05-10
Cagliari,2.4,1.9,1.2,0.6,1.1,1.1,5.8,3.8,13.6,15.4,37.50284623956668,2026-09-12
Cambuur,0.8,0.7,1.8,2.8,1.4,2.7,4.8,5.4,12.6,13.8,12.06719667786956,2026-09-12
Cardiff,0.4,0.6,0.8,1.6,1.0,1.6,7.0,4.4,17.2,13.4,-19.882704672570526,2026-09-12
Carpi,0.8,0.7,1.6,1.6,1.4,2.2,4.6,5.2,11.8,15.3,-2.1003988243335243,2019-05-11
Carrarese,0.2,0.6,0.6,1.4,0.8,1.5,2.8,4.0,14.1,15.3,-26.964316159329428,2026-09-12
Cartagena,1.2,0.7,1.4,1.8,1.3,2.0,3.2,6.2,7.2,22.8,4.5367290364572455,2025-06-01
Casa Pia,0.2,0.5,0.2,2.8,0.4,1.9,2.4,5.8,10.3,13.8,-18.455637771070087,2026-09-12
Castellon,2.6,2.1,1.4,0.4,1.3,0.7,5.4,2.6,17.6,8.4,27.118179991952047,2026-09-12
Catania,0.4,1.7,1.0,2.0,1.7,1.2,,,,,-28.33336011422898,2015-05-22
Catanzaro,0.6,0.9,1.2,2.0,1.6,1.9,4.6,5.2,12.6,12.8,-33.4992480723015,2026-09-12
Celta,0.6,1.1,0.6,1.2,0.8,1.0,2.8,4.2,8.8,14.6,-25.617281614892363,2026-09-13
Celta B,1.4,1.4,1.4,1.6,1.4,1.6,5.8,5.2,13.2,15.4,,2026-09-14
Celtic,3.0,3.0,2.6,0.6,2.5,0.8,10.6,3.6,19.5,10.3,13.598539822807652,2026-09-09
Cercle Brugge,0.4,0.9,0.8,1.8,1.5,2.0,3.8,3.8,15.3,12.9,-22.289068037718835,2026-09-12
Cesena,1.2,0.9,1.8,1.8,1.0,1.4,4.8,5.8,12.9,14.7,-3.862571309996383,2026-09-12
Ceuta,0.0,1.0,0.4,3.0,0.9,2.1,2.8,5.0,11.0,12.9,-45.31323008162053,2026-09-11
Chambly,1.4,1.4,1.2,1.4,1.3,1.6,3.6,3.8,8.8,12.6,11.676436045991295,2021-05-15
Charleroi,2.4,2.2,1.8,0.8,1.6,0.7,4.8,2.8,17.0,11.9,26.625031736233268,2026-09-13
Charlton,1.2,1.5,0.4,1.0,1.0,1.3,1.8,3.4,10.1,15.5,-6.050450489741934,2026-09-12
Chateauroux,0.4,0.5,0.6,1.4,0.8,1.4,2.2,6.2,11.6,13.1,-9.20979519514185,2021-05-15
Chaves,0.2,0.5,0.6,2.4,0.7,1.8,3.2,5.2,8.1,13.4,-19.661545743909983,2024-05-18
Chelsea,1.4,1.1,2.2,2.2,1.5,2.0,5.0,5.6,13.3,12.1,-2.898313269018672,2026-09-12
Chievo,1.6,1.4,2.0,1.4,1.4,1.0,4.0,3.8,10.3,11.4,8.435585022649775,2021-05-10
Cittadella,0.8,0.6,1.0,1.4,0.9,1.7,3.0,3.2,11.2,14.1,-11.661562975137485,2025-05-13
Clermont,0.8,1.2,0.6,1.0,0.7,0.8,2.4,3.2,8.8,14.1,-7.252005215274949,2026-09-11
Club Brugge,2.4,2.5,1.8,0.6,2.6,0.5,5.6,4.0,19.2,12.9,0.6446572447937342,2026-09-13
Como,2.6,2.3,2.6,1.0,1.8,0.7,6.8,2.4,17.5,10.0,30.680419600476398,2026-09-14
Concarneau,0.6,0.5,1.4,2.4,0.9,1.9,4.4,5.8,10.4,12.8,-9.663194813241262,2024-05-17
Cordoba,0.6,1.0,1.4,2.4,1.2,1.8,4.4,5.0,18.4,12.8,-25.289269696429074,2026-09-12
Corum,1.4,1.4,2.4,2.0,2.4,2.0,5.0,5.8,13.2,17.6,,2026-09-12
Cosenza,0.6,0.8,0.8,1.8,0.8,1.9,3.8,4.8,11.6,12.4,-15.763435311258263,2025-05-13
Cottbus,1.4,0.8,2.6,2.4,1.6,2.6,5.8,6.8,18.2,19.6,24.308249525629208,2026-09-13
Coventry,0.6,1.2,0.8,2.0,1.3,1.3,4.0,4.6,12.7,12.1,-15.060382526687135,2026-09-13
Cremonese,0.8,1.1,1.2,2.2,1.1,1.7,3.4,4.6,10.9,10.2,-30.616558854639152,2026-09-12
Creteil,1.0,0.9,1.8,2.4,1.3,1.9,,,,,-7.540487434499937,2016-05-13
Crotone,1.0,1.0,1.6,1.6,1.3,1.4,4.2,5.0,11.9,12.4,-0.771009037678823,2022-05-06
Crvena Zvezda (SRB),1.2,0.6,2.2,2.2,1.5,2.7,,,,,25.389190744507232,2025-01-29
Crystal Palace,0.6,0.5,1.4,2.6,1.2,2.6,3.4,6.6,11.3,15.5,-22.86894496289301,2026-09-12
Cultural Leonesa,1.0,0.9,1.2,1.6,1.0,1.4,3.8,4.6,12.3,12.1,-1.1006915808347912,2026-05-30
Darmstadt,0.8,0.6,0.8,1.6,1.1,1.9,3.0,6.0,14.0,16.2,-21.091865580195645,2026-09-11
Den Haag,0.2,0.7,1.2,2.8,1.3,2.5,3.6,9.6,10.5,16.9,-16.870006694053473,2026-09-12
Dender,0.6,0.5,1.0,2.0,0.9,2.1,3.6,7.2,11.0,17.1,-19.31230629954439,2026-05-09
Denizlispor,0.0,0.3,1.0,3.4,1.2,2.6,3.2,8.8,9.9,16.3,-30.683419964656196,2021-05-15
Derby,0.6,0.7,0.6,1.8,1.1,1.9,2.4,6.4,12.1,16.8,-24.25483276695809,2026-09-12
Dijon,1.0,1.3,1.4,1.6,1.4,1.2,6.2,5.4,12.9,12.8,-7.947265967714202,2026-09-11
Dinamo Kiev (UKR),0.0,0.4,0.2,2.2,0.3,2.0,,,,,-8.159654727850466,2021-12-08
Dinamo Zagreb (CRO),1.4,1.1,1.2,1.6,1.3,2.5,,,,,27.810072350245946,2025-01-29
Doncaster,0.2,0.7,0.4,1.6,0.7,1.6,2.2,5.6,8.2,15.4,-23.179400311871632,2014-05-03
Dordrecht,1.0,0.8,0.8,1.8,1.0,1.9,,,,,7.370717957972147,2015-05-17
Dortmund,3.0,2.1,2.6,0.8,2.0,0.8,7.0,3.2,12.5,11.0,19.31153023356478,2026-09-12
Dresden,0.8,1.3,1.4,2.4,1.4,1.8,5.0,5.8,13.4,12.4,-12.961753040179701,2026-09-12
Duisburg,1.0,0.8,1.8,2.2,1.6,2.4,7.2,6.2,14.4,17.8,4.1124792528519265,2019-05-19
Dundee,1.4,1.6,1.4,1.0,1.5,1.1,3.4,5.0,11.2,16.7,11.994884628281852,2026-09-06
Dundee United,0.8,0.7,1.0,2.0,0.7,1.7,4.6,5.4,14.5,15.7,-9.0391728153661,2026-09-05
Dunkerque,1.0,1.1,1.2,1.6,1.8,1.8,3.6,4.2,13.6,11.8,-9.790669477690017,2026-09-12
Eibar,2.4,1.8,2.0,0.6,1.7,1.1,4.8,5.0,11.1,17.5,16.331762762508333,2026-09-14
Ein Frankfurt,1.0,1.0,2.2,2.6,1.8,2.2,5.4,7.4,14.3,16.1,-4.235700495961282,2026-09-12
Elazigspor,0.6,0.7,0.6,1.4,0.6,1.5,,,,,-13.484618359637352,2014-05-17
Elche,0.2,0.7,1.4,3.0,1.2,2.0,4.6,5.2,10.7,12.6,-17.495786693349373,2026-09-15
Eldense,1.0,1.0,0.6,1.2,1.0,1.8,3.6,5.2,12.1,13.2,2.4675656900985814,2026-09-13
Elversberg,1.8,1.7,2.4,2.0,2.5,1.7,4.8,4.0,12.0,14.2,13.312193321167342,2026-09-13
Empoli,1.4,1.1,1.0,1.2,0.7,1.1,3.2,5.2,11.4,13.6,1.1398359906575024,2026-09-11
Erciyesspor,1.2,0.7,2.0,2.0,1.3,2.1,,,,,9.852209838707722,2015-05-29
Ergotelis,1.4,1.0,0.8,1.0,0.7,1.2,,,,,-1.0884045212058027,2015-05-10
Erzgebirge Aue,1.4,1.0,1.0,2.2,0.9,2.4,2.8,4.8,10.2,12.5,15.951251096716305,2022-05-15
Erzurum BB,1.2,1.3,1.6,2.0,1.6,1.9,4.2,6.0,14.2,13.0,3.474264786034837,2021-05-11
Erzurumspor,0.8,0.8,0.4,2.2,0.4,2.2,2.6,4.2,9.2,14.8,,2026-09-11
Eskisehirspor,1.4,1.3,1.2,1.4,1.4,1.5,,,,,5.730629407219567,2016-05-19
Espanol,0.8,1.4,1.2,1.4,1.5,1.1,3.4,5.4,11.8,14.0,0.03541078602870584,2026-09-15
Estoril,0.2,0.4,0.2,1.4,0.5,1.4,4.4,4.6,12.1,12.9,-29.891414883877815,2026-09-14
Estrela,1.8,1.2,2.4,2.0,1.9,1.9,5.2,4.6,10.7,12.7,26.818556175462618,2026-09-14
Eupen,0.6,0.7,0.8,1.4,0.6,1.5,2.8,5.4,10.1,15.1,-9.68476367763401,2024-05-11
Everton,1.2,0.8,1.0,0.8,1.3,1.6,4.8,4.0,12.5,15.0,6.367797866443652,2026-09-12
Evian Thonon Gaillard,1.4,1.0,1.6,1.0,0.9,0.8,,,,,15.069400396133688,2016-05-13
Excelsior,1.4,2.0,1.8,1.4,2.5,1.2,4.4,4.2,13.5,12.7,15.059888830126283,2026-09-13
Extremadura UD,1.2,1.1,1.2,1.8,1.2,1.5,2.2,5.4,10.8,11.2,1.086460990525893,2020-07-20
Eyupspor,0.6,1.4,0.4,1.6,1.5,1.3,3.0,4.4,10.9,14.0,-28.659535190867473,2026-09-12
FC Basel 1893 (SUI),1.8,1.6,1.2,1.4,1.4,1.4,,,,,33.02126121610195,2018-03-07
FC Emmen,0.6,1.0,1.4,3.2,1.2,2.2,3.6,5.4,10.3,18.0,-7.044206501890812,2023-05-28
FC Koln,0.8,1.0,1.4,3.0,1.6,2.3,5.2,5.8,16.0,14.2,-12.697247684107651,2026-09-12
FC København (DEN),1.4,0.8,1.6,2.6,1.4,2.7,,,,,16.02884262421958,2026-01-28
FC Midtjylland (DEN),0.4,0.3333333333333333,0.8,1.8,0.6666666666666666,2.1666666666666665,,,,,9.283491656044816,2020-12-09
FC Nordsjælland (DEN),0.2,0.16666666666666666,0.8,4.0,0.6666666666666666,3.6666666666666665,,,,,-26.791679766901552,2012-12-05
FC Sheriff (MDA),0.8,1.1666666666666667,1.0,2.2,1.1666666666666667,1.8333333333333333,,,,,11.468864842702715,2021-12-07
FC Steaua Bucureşti (ROU),0.6,0.5,0.4,1.4,0.3333333333333333,1.6666666666666667,,,,,-3.926379490688305,2013-12-11
FK Astana (KAZ),0.8,0.6666666666666666,1.0,1.8,0.8333333333333334,1.8333333333333333,,,,,15.791150881046406,2015-12-08
FK Bodø/Glimt (NOR),2.4,1.6,2.0,1.2,1.8,1.6,,,,,69.66084418519881,2026-03-17
FK Kairat (KAZ),0.0,0.125,1.2,2.6,0.875,2.75,,,,,-12.6060594569351,2026-01-28
FK Krasnodar (RUS),0.8,0.8333333333333334,1.0,2.0,1.0,1.8333333333333333,,,,,6.716504269284314,2020-12-08
FK Rostov (RUS),1.0,0.8333333333333334,1.2,1.4,1.0,2.0,,,,,22.80033209039425,2016-12-06
Falkirk,1.0,0.8,1.0,1.2,0.9,1.9,3.0,5.6,10.0,14.8,8.957348572771025,2026-09-15
Famalicao,0.6,1.2,0.8,1.2,0.9,0.9,2.8,3.2,10.2,10.0,-20.02868211959276,2026-09-13
Farense,1.2,1.1,1.0,1.2,1.0,1.2,3.4,3.6,11.1,11.7,-0.9841081562253748,2025-05-17
Feirense,1.0,0.6,2.0,2.4,1.3,2.2,5.4,5.4,9.5,14.2,5.044984364083348,2019-05-18
Fenerbahce,1.4,1.5,1.6,1.2,1.9,1.5,6.6,3.4,17.0,11.6,-19.657267558046897,2026-09-14
FeralpiSalo,0.4,0.9,1.2,2.2,1.4,2.0,3.8,4.4,13.1,15.2,-21.603159908441967,2024-05-10
Ferencvárosi TC (HUN),0.2,0.16666666666666666,0.8,2.4,0.8333333333333334,2.8333333333333335,,,,,-11.383444302637827,2020-12-08
Ferrol,0.8,0.7,0.4,1.2,0.4,1.3,3.0,4.0,10.6,10.6,-9.968033246066852,2025-05-31
Feyenoord,2.2,2.4,3.8,1.4,2.8,1.0,8.4,3.6,19.4,9.8,10.020481232802467,2026-09-13
Fiorentina,0.8,1.0,1.2,2.4,0.9,1.7,5.6,5.4,13.2,14.1,-24.78280501561585,2026-09-11
Foggia,1.4,1.1,1.4,1.2,1.0,1.1,4.8,5.4,13.2,13.4,-0.34516561046098104,2019-05-11
For Sittard,1.8,1.3,2.0,2.4,1.7,2.2,4.6,6.8,10.2,18.6,5.127793301740212,2026-09-12
Fortuna Dusseldorf,1.2,0.9,1.2,1.6,1.0,1.9,2.8,5.2,11.2,14.2,-4.063335096901483,2026-05-17
Frankfurt FSV,0.6,0.4,0.6,1.8,0.7,2.5,,,,,-27.870218763701132,2016-05-15
Freiburg,2.4,1.9,3.2,1.0,2.2,1.4,5.4,3.4,12.6,13.0,29.069306930353378,2026-09-12
Frosinone,2.0,2.3,2.4,0.8,2.1,0.6,6.0,4.6,16.7,17.1,28.438181980646505,2026-09-12
Fuenlabrada,0.8,0.4,1.2,2.0,1.3,2.5,5.8,5.2,10.8,14.2,-7.893067624042487,2022-05-27
Fulham,0.8,0.9,1.2,1.4,0.8,1.2,4.4,4.0,14.2,12.3,-9.657801812907337,2026-09-12
Galatasaray,2.6,2.2,2.6,1.2,2.3,1.4,8.6,3.0,20.1,9.5,6.675846394752853,2026-09-13
Gaziantep,1.6,1.1,1.4,1.0,1.2,1.4,3.4,3.0,13.5,13.8,20.54941125036612,2026-09-14
Gaziantepspor,0.0,0.7,0.4,3.6,0.8,2.3,,,,,-30.915408046999573,2017-06-02
Genclerbirligi,1.4,1.6,1.0,1.8,1.3,1.4,4.2,7.4,12.4,13.4,9.314279177113804,2026-09-13
Genk,1.8,1.7,2.4,1.4,1.8,0.9,5.8,3.6,16.2,13.2,8.118160944675992,2026-09-13
Genoa,0.2,0.6,0.4,1.8,0.5,1.4,2.2,5.0,10.4,14.5,-29.89503009274449,2026-09-12
Gent,2.6,1.9,1.8,0.6,1.3,1.0,4.0,3.2,12.6,12.3,36.241969599981076,2026-09-13
Germinal,0.8,0.5,1.4,2.0,0.8,2.1,,,,,-15.69416865194853,2013-03-16
Getafe,1.0,1.2,0.6,0.8,0.7,0.9,2.0,3.8,10.0,12.0,-7.800151156067841,2026-09-17
Giannina,0.8,0.7,1.0,2.0,1.3,2.1,4.0,5.0,11.1,12.1,-11.99961432827422,2024-05-11
Gil Vicente,1.4,1.1,0.8,0.8,0.7,1.2,3.8,2.2,12.7,11.3,1.364787299826503,2026-09-13
Gimnastic,1.6,1.2,2.0,1.8,1.2,1.5,6.2,4.4,14.0,9.1,13.482985104736827,2019-06-09
Giresunspor,2.4,1.6,2.2,0.8,1.6,1.3,3.3333333333333335,6.0,11.0,14.0,34.6601930126908,2023-06-07
Girona,1.4,1.0,2.0,1.4,1.3,1.2,5.2,5.0,15.9,11.3,-4.6580729471329505,2026-09-12
Go Ahead Eagles,1.2,1.1,2.2,2.4,1.9,2.1,5.6,5.0,13.7,20.7,4.810719214711753,2026-09-12
Goztep,0.4,1.0,1.8,2.6,1.5,1.9,5.0,5.2,16.0,17.6,-25.300752607455934,2026-09-12
Graafschap,0.6,0.7,1.0,3.2,1.2,2.3,2.8,8.2,9.5,15.0,-12.785745959235328,2019-05-15
Granada,1.6,1.1,1.2,1.0,0.9,1.2,4.0,4.4,11.5,11.9,20.249823361402377,2026-09-12
Grenoble,1.4,1.4,1.0,1.2,1.1,1.3,2.0,5.4,7.1,13.9,13.664543020029441,2026-09-11
Greuther Furth,1.0,1.2,1.6,2.0,1.7,1.7,6.2,6.2,16.5,14.7,-2.0499211509359156,2026-09-12
Groningen,1.0,1.4,2.0,2.4,1.9,2.1,5.2,6.4,13.6,14.8,0.8647212496002794,2026-09-12
Grosseto,1.0,0.5,1.2,1.8,1.0,2.0,,,,,-4.354920510161492,2013-05-18
Guadalajara,1.0,1.2,1.2,1.4,1.1,1.3,,,,,-5.364947245491294,2013-06-08
Guimaraes,0.8,0.7,0.8,1.2,0.7,1.5,5.0,2.8,17.0,7.8,-10.127012222400253,2026-09-12
Guingamp,1.6,0.8,1.6,1.4,1.2,1.6,6.0,3.6,13.3,12.1,11.976755269824025,2026-09-12
Hamburg,0.8,0.8,0.8,3.0,0.9,2.6,3.8,6.4,11.8,16.9,-10.007882946042628,2026-09-13
Hamilton,0.6,0.6,0.6,1.4,0.6,1.3,2.6,3.2,10.6,12.7,-21.71854979524619,2021-05-16
Hannover,0.8,1.1,1.0,1.6,1.6,1.7,5.4,5.8,15.5,15.6,-24.345792867053433,2026-09-11
Hansa Rostock,0.0,0.9,0.6,1.8,0.8,1.6,4.4,4.6,12.9,12.2,-29.689589467937367,2024-05-19
Hatayspor,1.4,0.7,2.8,2.4,1.8,2.8,5.6,7.8,13.0,19.1,29.08072296637988,2025-05-31
Hearts,2.4,1.9,2.4,1.0,2.0,1.2,6.0,2.6,14.3,10.3,10.401799197300079,2026-09-15
Heerenveen,0.6,1.3,1.2,1.8,1.1,1.2,5.8,5.2,14.4,17.3,-23.97058100128993,2026-09-13
Heidenheim,2.4,1.9,2.4,2.0,2.1,1.8,5.6,6.0,14.6,17.3,6.278758522390262,2026-09-13
Heracles,0.0,0.2,0.2,2.2,0.4,2.3,2.6,6.2,11.2,16.6,-35.604161089591116,2026-05-17
Hercules,0.8,0.5,1.0,1.4,0.9,1.5,,,,,-10.97738647949518,2014-06-07
Hertha,3.0,1.9,3.0,1.2,1.9,1.6,5.8,5.4,15.3,15.8,44.34252741802857,2026-09-13
Hibernian,1.2,1.2,1.2,1.6,1.3,1.5,4.6,5.6,13.9,14.8,-15.717855052757841,2026-09-15
Hoffenheim,1.2,1.4,1.4,2.2,1.7,2.0,5.0,4.6,15.8,12.5,-17.689339217023416,2026-09-12
Holstein Kiel,0.6,1.2,1.2,1.8,1.4,1.4,3.8,4.4,12.6,13.7,-13.905750331448871,2026-09-13
Huddersfield,0.4,0.7,0.6,2.4,0.7,2.0,2.4,4.8,12.3,13.0,-26.98327027968412,2024-05-04
Huesca,0.4,0.7,0.8,1.6,0.9,1.4,3.8,7.0,10.0,16.0,-14.469126424336082,2026-05-31
Hull,2.2,1.4,1.4,0.6,1.2,1.0,4.2,3.6,11.9,13.3,47.053162123902666,2026-09-12
Ibiza,1.0,0.9,0.4,1.4,0.8,1.8,1.4,5.0,7.8,13.5,-2.1980143137705,2023-05-27
Ingolstadt,0.4,0.6,0.8,2.0,0.8,2.0,3.8,6.4,10.5,16.4,-16.28568627243567,2022-05-15
Inter,2.6,2.4,3.2,1.8,2.7,1.2,7.4,3.6,18.6,10.1,7.097702220697329,2026-09-14
Inverness C,1.8,1.1,1.6,1.8,1.2,1.9,3.8,3.8,11.1,12.8,8.323543432383985,2017-05-20
Ionikos,1.2,1.2,1.4,1.4,0.9,1.7,4.2,3.4,11.2,7.6,-0.5597209222646597,2023-05-13
Ipswich,1.8,1.5,2.0,2.0,1.6,1.7,5.2,6.0,13.2,14.0,15.383234591384735,2026-09-12
Iraklis,1.2,1.8,1.2,1.6,1.4,1.1,1.5,5.75,8.25,16.25,13.064648346582317,2026-09-12
Istanbulspor,0.0,0.3,0.2,3.8,0.6,2.8,4.6,7.8,10.9,18.6,-24.84970695458719,2024-05-26
Istres,0.2,0.5,0.8,2.8,1.1,2.3,,,,,-32.64194096125357,2014-05-16
Jaen,0.8,0.8,1.0,1.2,0.8,1.3,,,,,-10.850470718394035,2014-06-07
Juve Stabia,1.0,1.0,0.8,1.4,0.9,1.3,4.0,5.0,12.4,14.4,-8.598294414516658,2026-09-12
Juventus,1.6,1.6,1.6,1.2,1.2,0.9,5.6,3.4,18.5,8.0,-7.3361831516874645,2026-09-13
Kaiserslautern,1.6,1.4,1.0,0.8,0.8,1.0,4.6,6.4,10.8,15.0,9.830783724464936,2026-09-12
Kalamata,1.0,1.0,1.5,1.75,1.5,1.75,3.75,4.5,11.25,15.0,,2026-09-13
Kallonis,0.2,0.6,0.4,2.8,0.5,1.9,,,,,-21.619613991425922,2016-04-17
Karabukspor,0.0,0.0,0.2,4.0,0.4,3.2,2.8,9.2,6.3,13.3,-29.73002851027627,2018-05-18
Karagumruk,2.0,1.7,1.0,0.6,1.0,0.9,2.6,3.8,9.4,12.5,18.109191690078887,2026-05-16
Karlsruhe,1.0,0.9,1.2,2.2,1.2,2.2,6.4,7.0,15.9,15.5,-19.91100862414828,2026-09-13
Kasimpasa,1.8,1.6,1.4,1.0,1.2,1.3,3.6,3.6,9.7,12.3,20.0542218422554,2026-09-13
Kayserispor,1.4,1.0,1.2,1.6,0.9,1.9,7.0,4.4,14.6,14.0,3.012594485677255,2026-05-17
Kerkyra,0.4,0.8,0.4,2.4,0.6,1.5,4.2,8.4,7.2,11.4,-12.87508742192108,2018-05-05
Kifisia,1.0,1.3,1.0,1.6,0.8,1.2,4.8,4.2,12.8,10.8,0.677466503767846,2026-09-13
Kilmarnock,0.8,1.6,0.4,2.0,1.8,1.6,4.6,6.8,11.9,15.9,-19.146347586643287,2026-09-15
Kocaelispor,1.8,1.1,1.0,0.8,0.7,0.9,3.8,3.8,10.3,13.7,21.684952332572948,2026-09-13
Konyaspor,0.6,0.9,0.8,1.6,1.1,1.7,3.4,5.8,11.7,16.5,-18.591166269120777,2026-09-12
Kortrijk,0.0,0.7,0.2,2.4,0.8,2.1,2.6,5.6,11.2,14.1,-40.60316708132541,2026-09-13
La Coruna,1.6,1.8,1.6,1.2,1.5,1.0,3.4,4.2,9.5,11.7,21.39088292370434,2026-09-16
Lamia,0.8,0.8,1.0,2.0,0.8,1.7,1.6,3.6,6.8,13.6,-11.979471900212957,2025-05-18
Larisa,1.2,0.7,1.4,1.4,1.2,1.7,3.8,5.6,12.3,11.9,8.473994694258636,2026-05-21
Las Palmas,2.0,2.0,1.4,1.2,1.5,1.5,3.8,4.0,10.1,12.4,7.625472654872738,2026-09-12
Latina,1.2,0.6,1.0,1.0,0.7,1.4,,,,,6.784758558259227,2017-05-18
Laval,0.8,1.1,1.2,2.0,1.1,1.8,4.4,5.0,11.2,13.6,-17.253912018856226,2026-09-11
Lazio,2.6,2.0,1.6,0.8,1.5,1.3,5.2,4.2,11.7,12.7,21.01093594933468,2026-09-12
Le Havre,1.0,0.9,0.8,0.8,1.1,1.2,4.4,4.8,12.0,13.9,6.274101368369202,2026-09-12
Le Mans,1.2,1.5,1.8,1.6,1.6,1.0,4.6,5.0,11.7,11.1,20.65998461653726,2026-09-13
Lecce,1.8,1.7,1.2,1.4,1.2,1.2,3.6,7.2,9.7,13.9,15.716082493440581,2026-09-13
Lecco,0.0,0.5,0.8,2.8,0.8,2.1,4.4,7.2,12.7,14.4,-28.87015354674395,2024-05-10
Leeds,1.6,1.9,1.4,1.2,1.7,1.0,3.8,5.2,12.4,14.5,11.042433475643747,2026-09-14
Leganes,1.6,1.2,0.6,0.6,0.6,1.0,3.0,4.2,9.7,14.4,12.110464674441118,2026-09-13
Legia Warszawa (POL),0.8,0.6666666666666666,1.8,3.6,1.5,4.0,,,,,14.345106880130288,2016-12-07
Leicester,1.0,1.1,0.8,1.0,1.0,1.1,5.0,2.8,17.8,10.9,-6.3616363928347255,2026-05-02
Lens,1.4,1.5,2.4,1.4,2.0,1.5,6.4,4.6,19.7,10.8,-1.38880417303767,2026-09-13
Leonesa,1.0,1.5,1.4,1.6,1.6,1.5,3.4,4.4,10.3,13.0,-3.2711685668666632,2018-06-02
Levadeiakos,0.2,1.1,0.0,2.2,1.2,1.8,1.0,5.6,10.8,12.6,-37.097147606661565,2026-09-13
Levante,1.0,1.4,1.4,1.8,1.7,2.0,4.2,5.6,14.9,13.2,3.4745618083036334,2026-09-13
Leverkusen,1.0,1.7,2.0,1.8,2.4,1.6,6.6,5.2,20.6,13.8,-26.48652631295954,2026-09-12
Lierse,0.8,0.8,0.8,1.4,1.0,2.2,,,,,-7.683746423123239,2015-03-15
Lille,2.0,2.1,1.4,0.8,1.4,0.5,5.4,4.2,11.8,10.7,-0.47591814772818,2026-09-13
Lincoln,2.2,1.5714285714285714,0.8,0.2,0.8571428571428571,0.8571428571428571,2.8,3.8,12.571428571428571,15.714285714285714,20.816314433192247,2026-09-15
Liverpool,1.4,1.4,1.4,1.0,1.7,1.5,5.8,3.6,14.8,12.2,-8.323757109660619,2026-09-12
Livingston,1.0,0.8,1.0,1.8,1.0,1.7,3.4,3.8,10.8,15.4,2.954866680555142,2026-05-17
Livorno,0.0,0.3,0.4,2.4,0.7,2.2,3.4,7.0,8.3,18.4,-25.588693418717185,2020-07-31
Llagostera,1.6,1.6,1.4,0.8,1.4,1.0,,,,,16.13127489759904,2016-06-04
Logrones,0.6,1.1,0.6,2.0,0.5,1.1,3.0,5.0,11.3,10.1,-20.734285645299906,2021-05-30
Lokeren,0.6,0.6,1.0,1.6,0.9,1.9,4.4,5.2,7.8,10.1,-5.601006658812366,2019-03-17
Lokomotiv Moskva (RUS),0.4,0.3,0.6,1.6,0.7,1.8,,,,,-2.547823492350517,2020-12-09
Lommel SK,1.2,1.1666666666666667,1.0,1.4,1.0,1.3333333333333333,3.0,5.4,10.333333333333334,22.0,7.17703402916959,2026-09-12
Lorca,1.2,1.4,1.0,2.0,1.1,1.5,4.0,6.6,9.6,12.7,-5.477028736804414,2018-06-01
Lorient,1.0,1.2,0.8,1.2,1.4,1.3,3.2,3.4,11.1,13.2,-16.371825517055186,2026-09-12
Lugo,0.8,0.6,1.0,1.8,0.6,1.5,2.4,5.4,8.8,13.2,-2.5299934085501263,2023-05-27
Luton,1.8,1.8,1.6,1.4,1.3,1.0,4.6,3.2,13.6,10.2,10.043915413735022,2025-05-03
Lyon,1.6,2.0,1.2,1.2,1.8,1.3,4.0,3.4,13.2,12.3,-7.472846874458128,2026-09-12
M'gladbach,0.6,0.9,1.6,3.0,1.2,1.9,4.0,8.6,13.1,15.8,-18.198515646017086,2026-09-12
Maccabi Haifa (ISR),0.6,0.5,1.4,3.8,1.1666666666666667,3.5,,,,,9.360180544314062,2022-11-02
Maccabi Tel Aviv (ISR),0.0,0.0,0.2,2.4,0.16666666666666666,2.6666666666666665,,,,,-28.469981822145655,2015-12-09
Magdeburg,1.8,1.8,2.0,1.6,1.6,1.1,5.2,6.0,12.6,13.3,7.786689299623731,2026-09-12
Mainz,1.4,1.4,1.8,1.2,1.7,1.4,5.8,4.0,15.9,11.4,-11.085336120074999,2026-09-12
Malaga,0.6,1.3,0.6,1.8,1.2,1.4,1.8,5.4,12.8,12.9,-8.453645769420291,2026-09-17
Mallorca,2.0,1.7,1.4,0.4,1.3,0.8,4.6,2.8,12.8,10.6,-3.855848105422865,2026-09-13
Malmö FF (SWE),0.2,0.4,0.2,2.2,0.2,3.1,,,,,-9.482476454975767,2021-12-08
Man City,2.4,2.3,1.8,0.8,2.0,0.8,4.8,3.2,17.1,9.7,6.936741850938233,2026-09-13
Man United,1.4,2.0,2.0,1.4,1.9,1.2,5.8,3.8,16.8,12.6,-5.690625429702322,2026-09-13
Mantova,2.0,2.2,1.6,1.6,1.7,1.2,5.4,4.0,12.8,12.4,20.966461678636506,2026-09-13
Maritimo,0.8,1.1,1.2,2.2,1.2,1.8,3.0,5.8,12.9,11.8,-2.321866502955345,2026-09-14
Marseille,1.2,1.3,1.8,1.4,1.4,1.4,6.2,5.4,16.3,13.0,-7.01195139679362,2026-09-11
Martigues,0.8,1.1,1.4,2.4,1.2,1.6,4.8,6.0,9.8,15.8,2.0626775739265213,2025-05-10
Mechelen,0.4,0.4,1.0,2.4,0.9,2.4,3.2,5.0,10.3,14.8,-33.74650787127371,2026-09-11
Mersin Idman Yurdu,0.0,0.1,0.6,3.4,0.5,2.8,,,,,-42.89247230125466,2016-05-18
Metz,1.2,1.1,1.2,0.8,1.3,1.5,3.6,4.8,13.4,15.0,0.37984581922228244,2026-09-14
Middlesbrough,2.2,2.1,2.2,1.4,2.2,1.3,5.4,4.2,17.4,11.9,18.672434063268383,2026-09-15
Milan,1.6,1.5,1.6,1.2,1.3,1.2,4.0,4.8,11.9,12.0,0.012959537112010366,2026-09-12
Millwall,0.8,1.7,1.6,2.6,1.9,1.5,3.2,5.0,15.9,12.5,-36.110779562280186,2026-09-15
Milton Keynes Dons,0.4,0.3,1.0,2.0,0.9,2.1,3.4,5.6,11.1,16.7,-15.777625518748891,2016-05-07
Mirandes,0.8,1.2,1.4,1.8,1.5,1.7,4.6,3.4,13.3,12.7,-4.922758782939809,2026-05-31
Modena,1.4,1.2,1.2,0.8,1.2,1.1,5.2,3.6,15.6,13.0,9.736906188422608,2026-09-12
Monaco,2.0,1.5,2.0,1.4,1.7,1.7,5.0,5.0,12.7,14.1,21.22938855530151,2026-09-12
Montpellier,2.0,1.8,0.8,0.6,1.1,0.8,4.4,4.6,13.0,13.6,7.108429723578183,2026-09-11
Monza,0.4,1.2,1.6,2.6,1.7,1.7,6.4,4.2,15.3,12.1,-16.361461529716962,2026-09-13
Moreirense,1.2,1.1,1.0,2.2,1.1,2.1,2.8,5.6,8.9,14.4,-1.7473878017094648,2026-09-14
Motherwell,1.0,1.2,1.2,1.6,1.2,1.4,4.8,4.2,13.8,14.5,-23.084154486997022,2026-09-15
Mouscron,0.8,0.6,1.2,1.8,1.0,2.1,3.8,5.6,11.8,15.2,-4.04629758761962,2021-04-18
Mouscron-Peruwelz,1.4,0.9,1.4,1.8,1.1,2.0,,,,,9.754038846969024,2016-03-13
Munich 1860,0.6,1.1,0.8,1.4,0.9,1.3,,,,,-12.298574467033859,2017-05-21
Murcia,2.0,2.1,1.6,1.0,1.7,0.9,,,,,12.173781329182475,2014-06-07
NAC Breda,1.0,0.7,1.2,1.6,1.0,2.2,5.2,6.2,15.5,12.8,16.070486129203346,2026-05-17
NK Maribor (SVN),0.4,0.4,0.4,3.0,0.5,2.7,,,,,-4.9406968473322195,2017-12-06
Nacional,0.6,1.0,1.0,1.8,1.2,1.5,2.6,5.8,12.1,16.0,-15.759986399801619,2026-09-12
Nancy,1.2,1.4,0.8,0.8,1.2,1.3,3.2,2.4,12.3,12.9,8.744088875147781,2026-09-11
Nantes,0.8,0.8,1.4,2.2,1.1,1.5,4.0,4.0,14.5,11.2,-30.211244412605083,2026-09-12
Napoli,1.8,1.6,1.4,1.0,1.6,1.0,4.4,4.2,13.9,12.7,0.16458326323777328,2026-09-13
Newcastle,1.0,1.2,1.4,2.0,1.5,1.6,3.0,6.0,11.5,16.5,-14.99791239595993,2026-09-14
Nice,0.6,0.7,0.2,1.0,0.5,1.0,3.0,4.0,11.5,13.2,-27.882060410715212,2026-09-12
Nijmegen,1.4,1.2,2.0,2.0,1.6,1.7,4.0,4.2,17.9,10.4,-17.765111447544314,2026-09-12
Niki Volos,0.0,0.0,0.0,3.0,0.0,3.0,,,,,-40.167871098774185,2015-05-02
Nimes,0.8,1.0,1.8,2.4,1.6,1.9,4.2,6.0,11.4,11.8,-13.762813661326845,2023-06-02
Niort,0.4,0.3,1.4,2.4,0.8,2.1,3.0,6.4,10.4,16.4,-12.69732317652597,2023-06-02
Norwich,1.8,1.3,2.4,1.6,1.7,1.7,6.2,3.8,15.2,11.9,19.700274395135693,2026-09-12
Nott'm Forest,1.2,1.6,1.0,1.0,2.0,1.1,3.8,3.2,12.7,14.3,2.182733423108175,2026-09-12
Novara,0.8,0.9,0.8,1.0,0.7,1.2,3.2,2.6,14.4,10.6,-1.5243378035452224,2018-05-18
Numancia,1.8,1.2,1.2,1.4,0.9,1.6,3.4,5.2,10.6,12.1,8.567945327554071,2020-07-20
Nurnberg,2.6,2.2,3.0,1.2,2.4,1.1,7.4,3.4,16.6,13.5,36.712316435894536,2026-09-11
OFI,0.0,0.0,0.0,3.0,0.2,3.0,,,,,-43.26493208368652,2015-05-02
OFI Crete,2.4,1.6,1.8,0.6,1.5,1.2,3.2,4.2,12.2,14.3,30.77032348262037,2026-09-12
Olhanense,1.2,0.8,1.0,1.8,0.7,1.8,,,,,5.641714544513206,2014-05-10
Olympiakos,1.6,1.5,0.8,0.6,0.9,0.8,6.0,2.6,16.1,9.1,-14.353499367650556,2026-09-12
Oostende,0.6,0.9,0.8,3.0,1.2,2.3,5.8,6.4,13.5,14.2,-24.150749019917612,2023-04-23
Orduspor,0.0,0.0,0.4,2.2,0.6,2.1,,,,,-44.73400906259917,2013-05-18
Orleans,0.6,0.9,0.4,1.8,0.7,1.5,2.6,4.4,11.8,10.7,-19.148775012949955,2020-03-09
Osasuna,1.2,0.7,1.0,2.4,0.9,2.0,3.4,4.8,11.9,12.4,-14.075721557376255,2026-09-16
Osmanlispor,0.8,1.2,1.6,2.0,1.7,1.6,5.0,5.2,10.8,9.5,0.8679661049659444,2018-05-18
Osnabruck,1.2,1.0,1.6,2.2,1.2,2.3,5.4,6.4,13.0,18.0,0.9416250195258726,2026-09-13
Oud-Heverlee Leuven,0.2,0.5,0.4,2.0,0.8,1.8,2.2,4.6,13.1,15.9,-24.524076151720237,2026-09-12
Oviedo,1.6,0.9,0.8,0.2,0.4,1.0,4.2,2.0,12.4,13.4,5.076331709999522,2026-09-13
Oxford,1.2,1.2,1.2,1.0,1.1,1.1,4.2,4.0,12.5,12.2,-0.9797598055749859,2026-05-02
PAOK,2.0,1.6,2.2,1.2,1.6,1.2,4.2,5.0,10.7,16.5,2.3570290977668265,2026-09-13
PFC Ludogorets Razgrad (BUL),0.4,0.7,1.0,2.8,0.9,2.5,,,,,-1.3956069571277112,2016-12-06
PSV Eindhoven,3.0,2.6,4.0,1.0,3.9,1.2,9.8,3.8,19.7,9.8,23.997702194710882,2026-09-13
Pacos Ferreira,1.2,0.8,1.0,2.2,0.8,2.0,2.2,4.4,10.2,14.5,11.666727577358188,2023-05-27
Paderborn,1.0,1.2,0.8,1.2,1.4,1.8,2.8,5.8,12.6,13.8,4.6970112713381695,2026-09-12
Padova,2.0,1.9,1.6,1.4,1.1,1.0,4.4,6.4,11.2,16.7,22.850766632245268,2026-09-12
Palermo,2.0,2.1,1.6,1.2,1.7,1.0,4.4,5.6,14.1,12.9,6.782946678995586,2026-09-13
Panathinaikos,2.6,1.5,2.6,0.8,1.4,0.9,8.2,3.0,15.0,10.1,23.7394069308732,2026-09-13
Panetolikos,1.8,1.5,1.6,1.2,1.2,1.0,4.0,4.8,10.6,14.3,22.226525059960522,2026-09-13
Panionios,1.6,1.3,0.6,0.6,0.5,0.9,1.8,4.8,6.0,12.4,7.962816867500351,2020-07-18
Panserraikos,0.4,1.2,0.6,2.2,0.9,1.8,2.4,4.0,7.9,10.7,-22.922090603544575,2026-05-21
Panthrakikos,0.0,0.4,0.2,3.4,0.6,2.6,,,,,-28.984694165584642,2016-04-17
Paphos FC (CYP),1.4,1.125,1.4,1.2,1.0,1.375,,,,,22.15921307955341,2026-01-28
Paris FC,2.2,2.0,1.6,0.6,2.0,0.8,5.0,2.8,12.8,11.8,35.21871369068458,2026-09-12
Paris SG,1.2,1.4,1.4,1.4,1.4,1.2,6.5,3.25,17.625,11.0,-15.82284291410997,2026-09-13
Parma,0.8,1.0,0.6,1.2,0.7,1.2,3.0,4.8,9.4,16.4,-10.58661032723353,2026-09-14
Partick,1.6,0.9,1.0,0.8,0.5,1.4,4.8,3.4,8.5,9.4,8.966079658618355,2018-05-12
Pau FC,1.0,0.8,0.8,1.0,1.1,2.0,3.2,5.0,12.4,10.6,-0.43632916602905425,2026-09-11
Penafiel,0.8,0.6,0.4,1.8,0.7,2.2,,,,,-3.208924001396099,2015-05-22
Pendikspor,1.4,1.1,1.0,1.0,1.0,1.6,4.6,4.6,12.8,12.2,2.4294902092506163,2024-05-26
Perugia,1.0,0.9,1.2,2.2,1.0,1.8,3.8,4.6,13.0,13.6,-14.707146339454539,2023-05-19
Pescara,0.6,1.3,1.0,1.4,1.7,1.2,4.2,3.8,13.8,12.0,-10.603991385097288,2026-05-08
Peterboro,1.8,1.4,1.8,1.0,1.6,1.5,6.2,4.8,12.9,14.0,27.15213189091969,2022-05-07
Pisa,1.2,0.6,1.4,1.6,0.9,1.9,6.2,5.0,12.0,12.4,-12.231089128529902,2026-09-11
Platanias,0.0,0.0,0.4,2.8,0.3,2.7,2.4,9.8,4.6,13.1,-19.914107594243887,2018-05-05
Plymouth,1.8,1.6,1.8,1.4,1.5,1.5,3.2,5.0,8.6,15.5,26.914980386719435,2025-05-03
Ponferradina,1.6,1.1,2.0,1.2,1.3,1.3,3.2,4.8,9.6,13.2,25.99970916695247,2023-05-28
Pordenone,0.2,0.6,1.0,2.6,1.0,1.8,4.0,6.8,11.0,16.5,-25.16585716688064,2022-05-06
Portimonense,1.0,0.9,1.4,2.0,1.5,2.3,5.0,5.6,11.7,12.4,8.784711209842499,2024-05-18
Porto,3.0,2.7,2.6,0.4,2.0,0.6,6.6,2.0,14.9,10.4,14.690979050211808,2026-09-12
Portsmouth,1.4,1.4,1.2,1.0,1.3,1.5,3.8,4.0,12.6,12.6,3.689013206567779,2026-09-12
Preston,0.6,0.6,0.8,1.6,1.1,2.0,3.4,4.4,13.4,14.7,-23.580691786770103,2026-09-12
Preußen Münster,0.4,0.4,1.4,2.8,0.9,2.5,4.2,6.4,10.8,14.8,-13.812267125585095,2026-05-17
Pro Vercelli,1.2,1.0,0.8,2.0,1.1,1.9,2.2,4.4,12.8,13.7,-7.124334544026169,2018-05-18
QPR,1.6,1.2,1.0,0.8,1.1,1.3,4.0,3.2,15.3,12.0,10.66515936112296,2026-09-12
Qarabağ FK (AZE),0.6,1.0,1.6,4.2,1.6,3.0,,,,,-4.012364558851004,2026-02-24
Quevilly Rouen,1.0,1.1,1.6,1.8,1.7,1.8,5.0,4.4,13.1,11.9,-8.57514140248827,2024-05-17
RAAL La Louviere,0.8,0.7,1.2,2.0,1.1,2.2,4.4,4.6,11.2,15.2,-10.276354712524835,2026-09-13
RB Leipzig,1.8,2.1,2.4,1.6,2.2,1.5,6.6,4.6,17.4,12.7,-16.37948093248542,2026-09-13
RB Salzburg (AUT),0.6,0.4,1.0,3.6,0.6,3.0,,,,,8.160543193788726,2025-01-29
RWD Molenbeek,1.2,0.8,1.6,1.8,1.1,2.0,6.0,4.6,11.8,12.9,-15.244191450597782,2024-05-11
Rangers,2.4,1.6,1.2,0.6,1.5,1.3,6.6,2.8,18.3,9.5,0.8502472471541296,2026-09-09
Rayo Majadahonda,0.8,0.8,1.6,2.0,1.3,1.8,7.0,4.5,15.555555555555555,12.555555555555555,-15.409836723385979,2019-06-08
Reading,0.6,0.6,0.6,1.2,0.8,1.3,2.0,4.4,10.5,15.3,-5.074515375606325,2023-05-08
Real Madrid,2.4,2.4,3.0,1.0,2.4,1.0,8.4,3.8,17.6,11.2,-0.19768341866188166,2026-09-15
Real Madrid B,1.4,1.0,1.2,1.4,0.9,1.3,,,,,-0.8125298653101254,2014-06-07
Recreativo,1.8,0.9,1.2,1.2,0.8,1.8,,,,,14.158651560946055,2015-06-07
Red Star,1.6,1.8,1.0,1.2,1.5,1.3,5.4,4.6,13.9,11.2,2.7037782194279316,2026-09-14
Regensburg,0.6,1.0,1.0,2.0,0.9,1.8,4.0,5.2,10.8,14.5,-2.179686590775191,2025-05-18
Reggiana,1.4,0.8,1.0,0.8,0.7,1.6,3.0,4.4,10.9,16.3,12.781369360821373,2026-05-08
Reggina,1.2,1.3,1.0,1.4,1.0,1.4,3.8,4.0,10.6,13.9,-4.991233666382868,2023-05-19
Reims,2.2,2.0,2.8,1.6,2.4,1.5,5.6,5.4,10.9,12.2,14.113791490136236,2026-09-11
Rennes,2.0,2.2,1.8,1.6,2.0,1.5,5.8,5.8,17.2,15.6,7.554483277960571,2026-09-11
Reus Deportiu,0.0,0.0,0.0,1.0,0.0,1.0,,,,,-19.322289500969646,2019-06-08
Rio Ave,0.8,0.6,1.0,2.6,0.7,2.1,2.6,6.2,8.5,15.5,-4.268619380316295,2026-09-14
Rizespor,1.8,1.4,1.0,0.8,1.2,1.6,5.2,3.4,15.1,14.1,8.796177491989965,2026-09-12
Roda,1.4,1.3,2.4,2.0,1.6,1.6,4.8,5.4,14.7,16.2,19.78019724287583,2018-05-06
Rodez,0.8,1.7,1.6,2.2,1.8,1.6,5.4,4.6,15.2,10.4,-18.181058999796505,2026-09-11
Roma,3.0,2.8,2.8,0.2,2.6,0.4,7.6,3.0,17.5,7.7,30.714399466490022,2026-09-14
Ross County,0.4,0.5,0.8,1.8,0.7,1.6,2.6,6.2,9.5,16.3,-20.25486675848674,2025-05-18
Rotherham,0.8,0.8,1.0,1.4,0.7,1.7,2.8,4.4,8.1,16.2,5.0835665469116975,2024-05-04
SK Sturm Graz (AUT),1.2,0.75,0.8,1.8,0.625,1.75,,,,,19.752579171002708,2025-01-29
Sabadell,1.6,1.4,0.8,0.8,0.9,1.0,4.0,3.6,12.7,9.7,18.248490043454467,2026-09-13
Salernitana,1.8,1.6,1.4,0.8,1.1,0.8,3.0,3.0,12.5,10.9,18.06040223153309,2025-05-13
Sampdoria,0.2,1.1,0.6,1.8,0.7,1.3,5.6,4.0,14.6,11.7,-26.048646189366764,2026-09-13
Samsunspor,0.8,1.6,1.2,2.2,1.8,1.8,2.8,6.8,13.3,16.9,-25.688533757252344,2026-09-12
Sandhausen,0.6,0.7,0.8,1.4,0.9,2.0,2.6,4.4,8.4,13.5,-14.508478020428583,2023-05-28
Santa Clara,2.6,2.1,1.8,0.4,1.7,0.8,3.6,2.4,13.1,8.7,37.396635991671474,2026-09-13
Santander,1.2,1.7,1.8,2.8,2.2,2.0,4.0,7.0,12.7,15.4,1.8259143249522367,2026-09-16
Sassuolo,1.4,1.4,1.6,1.6,1.5,1.4,5.6,5.4,13.5,15.0,8.330523163380576,2026-09-13
Schalke 04,1.4,2.2,0.8,1.4,1.5,1.1,4.4,6.4,14.5,11.9,4.998783110045451,2026-09-11
Sedan,0.4,0.8,1.0,2.0,1.5,1.8,,,,,-20.571044607083195,2013-05-24
Seraing,0.2,0.2,0.6,2.4,0.5,2.3,1.4,7.4,6.2,15.6,-10.766584047257084,2023-04-22
Setubal,0.8,0.6,1.0,1.2,1.0,1.6,2.4,4.0,8.9,13.2,-7.3741854306283585,2020-07-26
Sevilla,2.0,1.9,1.4,1.0,1.4,1.1,4.4,3.8,12.7,9.5,24.396492110950703,2026-09-16
Sevilla B,1.2,1.3,1.0,1.2,0.9,1.2,3.8,6.4,9.1,14.2,1.9667696651649749,2018-06-01
Shakhtar Donetsk (UKR),1.2,1.0,1.6,2.4,1.2,2.1,,,,,0.9930985081180097,2025-01-29
Sheffield United,1.4,1.2,1.6,1.8,1.3,1.6,3.8,6.4,10.3,15.7,-11.35105983186213,2026-09-13
Sheffield Weds,1.0,0.7,0.8,1.4,0.7,1.6,2.2,5.0,9.0,16.3,9.268762451953307,2026-05-02
Siena,1.8,1.3,1.4,0.8,0.9,0.9,,,,,-0.08692423442539621,2014-05-30
Sivasspor,0.8,0.8,0.6,1.4,1.3,1.8,1.8,5.2,10.5,13.8,-7.111557956165825,2025-05-31
Slavia Praha (CZE),0.2,0.3,0.6,2.8,0.7,2.4,,,,,-12.018402725740998,2026-01-28
Sochaux,1.8,0.9,0.6,0.2,0.5,1.1,2.6,4.8,9.7,13.1,15.17524942772934,2026-09-12
Sociedad,1.4,1.0,1.2,2.0,1.3,1.9,5.4,6.2,11.0,16.2,-2.2541602832666285,2026-09-13
Sociedad B,1.6,1.4,1.6,1.2,1.4,1.3,3.6,4.8,12.6,13.0,21.966181369499736,2026-09-12
Southampton,2.2,1.9,2.8,1.0,2.5,1.3,4.8,4.4,15.7,15.5,22.509777969314428,2026-09-12
Sp Braga,2.0,1.6,1.4,1.0,1.4,1.2,5.0,2.6,10.7,10.3,-3.894843501651849,2026-09-14
Sp Gijon,1.4,1.6,0.4,0.6,1.2,1.0,3.8,2.4,10.2,13.8,-9.878272373237678,2026-09-13
Sp Lisbon,2.6,2.4,2.6,0.8,2.9,1.0,6.0,2.0,14.5,8.9,4.231043112613861,2026-09-13
Spal,1.0,1.0,0.8,1.0,1.0,1.2,4.2,3.4,15.0,14.8,1.5137815713621876,2023-05-19
Sparta Rotterdam,1.0,0.6,2.0,2.4,1.5,2.6,6.0,5.2,14.1,17.2,3.5227509727228608,2026-09-13
Spartak Moskva (RUS),1.0,0.9,1.6,2.4,1.2,2.1,,,,,20.584508783382944,2017-12-06
Spezia,1.0,0.9,2.2,2.0,1.8,2.2,4.0,4.8,12.6,11.9,-3.5563177538344917,2026-05-08
St Etienne,2.4,1.8,2.8,1.2,2.3,1.3,7.2,2.8,14.9,10.5,15.73691581720982,2026-09-12
St Johnstone,0.8,1.0,0.8,1.2,1.1,1.6,3.2,5.0,12.7,12.2,5.777490998480971,2026-09-09
St Mirren,1.4,1.4,1.2,1.2,1.1,1.1,4.4,5.2,13.9,12.5,10.442969343587038,2026-09-09
St Pauli,1.2,0.7,1.4,1.4,1.1,1.7,5.6,4.2,13.1,13.5,-5.736040469521868,2026-09-12
St Truiden,1.4,1.2,2.2,1.8,1.7,1.6,4.6,5.4,15.0,14.8,-1.7604297698192113,2026-09-12
St. Gilloise,2.6,2.3,2.8,0.4,2.7,0.9,7.0,3.4,17.3,11.2,14.883713131530612,2026-09-12
Standard,2.0,1.8,2.0,1.6,1.6,1.4,5.6,4.6,12.6,16.7,9.589555701287736,2026-09-12
Stoke,2.0,1.0,1.8,1.2,1.3,1.9,4.6,5.2,12.5,13.8,26.999690891223054,2026-09-12
Strasbourg,2.0,1.7,2.8,2.4,2.1,2.1,6.0,6.4,12.2,17.9,14.084211976844472,2026-09-12
Stuttgart,1.4,1.2,2.2,2.2,2.1,2.1,6.6,6.8,16.3,15.4,3.999989731206142,2026-09-12
Sudtirol,1.8,1.1,1.2,0.6,0.9,1.5,3.2,3.8,11.0,14.1,15.963250677883252,2026-09-12
Sunderland,1.4,1.2,1.0,1.2,1.2,1.7,3.6,2.2,12.5,12.0,11.277024713256424,2026-09-12
Swansea,2.0,2.1,1.8,0.8,1.7,0.8,6.2,2.8,13.1,11.7,24.39805066392887,2026-09-12
Telstar,0.4,1.5,0.6,2.0,1.5,1.4,2.2,7.0,9.2,16.3,-29.203000206845218,2026-09-13
Tenerife,2.0,1.2,1.4,0.6,0.8,0.8,3.0,2.0,9.6,9.2,29.705178295790347,2026-09-13
Ternana,1.4,1.4,1.0,1.0,0.9,1.1,4.4,4.0,11.8,17.7,6.908576907258521,2024-05-10
Tondela,1.4,0.9,1.2,1.4,0.8,1.7,3.4,4.0,10.3,12.9,11.816958012472014,2026-05-16
Torino,0.8,0.9,1.2,1.8,1.1,1.6,3.4,5.2,10.0,15.6,-6.124949174612311,2026-09-14
Tottenham,1.0,1.3,0.2,1.0,0.8,1.1,3.6,3.6,13.1,11.5,-11.368729243394,2026-09-12
Toulouse,0.6,1.0,0.8,1.4,1.2,1.8,3.8,4.0,12.4,15.0,-14.842888200839297,2026-09-12
Tours,0.8,0.9,1.8,2.4,1.4,1.7,4.2,6.8,5.7,10.4,-2.502663811929324,2018-05-11
Trabzonspor,1.4,1.2,1.8,1.0,1.4,1.3,7.0,5.2,14.3,14.4,-10.647655278325146,2026-09-12
Trapani,2.4,2.1,1.8,0.8,1.7,0.8,5.4,4.6,13.4,12.6,35.88481647195749,2020-07-31
Troyes,0.8,1.4,0.8,2.0,1.5,1.4,2.8,5.6,14.0,12.2,-9.651802675988165,2026-09-13
Twente,2.6,1.8,2.4,0.8,2.0,1.3,9.0,3.4,19.6,11.9,11.46055233102993,2026-09-12
UCAM Murcia,0.8,1.0,0.8,1.2,0.7,1.1,,,,,-7.261419855524991,2017-06-10
Udinese,0.8,1.1,1.6,2.2,1.5,1.6,4.4,7.0,12.5,15.6,-4.65560551990302,2026-09-14
Ulm,0.8,1.1,1.4,2.6,1.1,1.7,3.6,5.6,13.0,14.4,-12.367921576706294,2025-05-18
Umraniyespor,0.8,0.7,1.0,1.6,1.2,1.9,2.25,6.25,12.444444444444445,12.777777777777779,-10.936652867030489,2023-06-07
Uniao Madeira,0.6,0.5,1.4,2.0,1.1,1.8,,,,,-16.621952716476926,2016-05-14
Union Berlin,1.4,0.9,2.2,2.2,1.7,2.2,7.2,5.4,14.6,12.6,8.958655598734367,2026-09-11
Utrecht,1.0,1.4,2.0,3.4,1.7,2.5,3.8,7.8,14.0,16.2,-21.50517625600446,2026-09-13
VVV Venlo,0.2,0.1,0.8,3.2,0.6,2.5,4.6,8.0,10.6,14.8,-30.92897801502818,2021-05-16
Valencia,0.6,1.4,0.4,2.0,1.1,1.5,2.4,4.8,10.3,12.5,-23.600110554757066,2026-09-15
Valenciennes,1.8,1.0,1.2,1.2,0.8,1.7,3.2,5.8,8.9,14.7,20.126052798618502,2024-05-17
Valladolid,0.8,0.7,0.4,1.4,0.6,1.6,3.0,3.6,10.7,11.9,-10.744836364181992,2026-09-13
Vallecano,1.4,1.5,1.8,2.6,1.6,1.8,5.4,6.4,12.9,15.7,1.5706466577123592,2026-09-15
Varese,1.2,0.8,0.8,1.2,0.6,1.4,,,,,1.8875077122243056,2015-05-22
Venezia,0.6,1.4,1.2,2.2,1.7,1.5,5.0,6.0,15.5,12.0,-29.57608640370654,2026-09-11
Veria,1.2,0.9,1.6,2.0,1.2,2.1,,,,,6.239093880243445,2017-04-30
Verona,0.8,0.7,1.6,1.6,1.0,1.2,5.0,3.8,12.4,12.8,-17.70718659704812,2026-09-11
Vicenza,1.6,1.5,1.4,1.6,1.3,1.3,4.0,6.0,11.6,11.5,9.043134834761304,2026-09-12
Viktoria Plzeň (CZE),0.0,0.6,0.8,3.8,1.0,3.3,,,,,-9.481855272674693,2022-11-01
Villarreal,0.8,0.9,1.6,1.8,1.8,1.8,6.4,4.4,12.9,13.9,-18.120199328727495,2026-09-17
Villarreal B,0.8,1.3,1.0,2.0,1.2,1.4,4.4,4.4,16.3,12.1,-14.619474818471872,2024-06-02
Virtus Entella,1.4,1.2,1.8,1.4,1.2,1.2,4.2,3.6,13.4,10.1,15.055995878350359,2026-09-11
Virtus Lanciano,0.6,0.7,1.0,2.0,1.0,1.7,,,,,-13.322654583771737,2016-05-20
Vitesse,1.4,0.8,1.6,2.4,1.1,2.5,4.8,7.6,16.0,17.2,23.646338378898008,2024-05-19
Vizela,1.0,0.8,1.6,1.2,1.3,1.9,3.8,4.0,10.9,14.1,10.466545241264612,2024-05-18
Volendam,0.8,0.8,1.0,1.4,0.9,1.6,5.4,4.2,12.2,16.4,-1.030872725264544,2026-05-17
Volos NFC,0.4,0.3,0.8,2.0,1.0,2.4,2.6,3.4,10.7,14.8,-15.439064181504818,2026-09-13
Waalwijk,1.2,0.8,1.8,3.2,1.2,2.5,4.4,6.8,10.3,19.1,5.811292977731682,2025-05-18
Waasland-Beveren,1.2,1.0,2.0,2.2,1.4,1.9,6.6,5.4,11.3,13.6,3.871552759378119,2021-04-18
Waregem,1.6,2.3,1.6,0.6,2.1,0.7,4.6,4.2,13.2,11.6,21.18228329758199,2026-09-13
Watford,0.8,0.8,0.8,1.4,0.8,2.1,3.4,5.0,11.6,15.7,-11.673363072073698,2026-09-12
Wehen,0.2,0.2,1.0,2.0,0.7,2.0,6.0,5.4,13.1,13.1,-25.45364886805237,2024-05-19
Werder Bremen,0.8,0.8,1.0,1.8,1.2,1.9,4.0,5.8,11.6,16.2,-1.723279674765081,2026-09-12
West Brom,1.6,1.8,1.0,1.0,1.4,0.9,3.4,3.0,11.1,11.0,1.8373228258994914,2026-09-12
West Ham,2.6,1.7,3.4,1.0,2.4,1.3,6.0,3.0,15.1,12.7,15.058019961294576,2026-09-11
Westerlo,1.4,1.0,2.4,2.2,1.5,2.3,5.2,5.0,14.8,14.2,11.029047660685592,2026-09-12
Wigan,1.6,1.3,0.8,0.6,0.7,0.8,3.0,3.0,9.9,13.0,12.917347821641215,2023-05-08
Willem II,0.4,0.4,1.0,3.0,1.0,2.5,3.0,7.6,11.3,19.2,-14.779658733121323,2026-09-15
Wolfsburg,1.6,1.6,2.0,1.4,1.6,1.1,6.4,4.6,15.9,15.2,1.0466206975850127,2026-09-12
Wolves,2.0,1.4,2.4,1.6,1.7,1.6,4.6,3.6,14.9,11.9,10.959511584651409,2026-09-13
Wrexham,1.0,1.1,1.0,1.8,1.1,1.6,2.8,4.0,12.3,12.3,3.833881224714787,2026-09-11
Wurzburger Kickers,1.0,1.0,1.4,2.0,1.1,1.8,4.0,5.0,9.9,16.0,-6.810988194672291,2021-05-23
Wycombe,2.0,1.7,1.8,1.0,1.5,1.1,4.4,3.2,12.3,11.5,37.29337138287087,2021-05-08
Xanthi,1.0,0.8,0.6,0.8,0.5,0.8,3.8,2.0,7.5,6.1,-3.838399207090788,2020-07-18
Xerez,1.2,0.7,1.8,2.2,1.3,2.0,,,,,9.463975584122181,2013-06-08
Yeni Malatyaspor,0.0,0.0,0.8,3.2,0.4,2.3,3.4,8.8,9.3,18.6,-31.822426920889484,2022-05-21
Yeovil,0.4,0.7,0.6,1.8,1.1,2.0,3.0,5.2,11.7,18.5,-22.6977991954725,2014-05-03
Zaragoza,0.2,0.3,0.4,1.8,0.6,1.6,2.4,5.4,13.4,11.4,-30.044313877795958,2026-05-31
Zenit St. Petersburg (RUS),1.0,0.6,2.0,1.8,1.3,1.9,,,,,5.442130476422335,2021-12-08
Zwolle,0.8,0.7,1.2,3.0,1.0,2.8,4.2,7.8,9.5,19.1,-2.1370644292219367,2026-09-13
ŠK Slovan Bratislava (SVK),0.0,0.0,1.2,3.2,0.875,3.375,,,,,-24.371331756910195,2025-01-29
