fecha,hora,competicion,local,visita,cuota_l,cuota_e,cuota_v,cuota_o25,cuota_u25
2026-10-02,19:30,SP2,Eldense,Oviedo,2.43,2.94,2.96,2.48,1.49
2026-10-03,13:00,SP2,Albacete,Eibar,2.65,3.28,2.44,1.87,1.83
2026-10-03,15:15,SP2,Almeria,Burgos,1.59,3.71,5.18,1.87,1.84
2026-10-03,17:30,SP2,Cadiz,Leganes,2.78,3.1,2.44,2.2,1.61
2026-10-03,17:30,SP2,Sabadell,Andorra,2.04,3.18,3.48,2.04,1.7
2026-10-04,13:00,SP2,Sociedad B,Granada,2.46,3.23,2.64,1.91,1.81
2026-10-04,15:15,SP2,Sp Gijon,Celta B,1.52,3.98,5.4,1.72,2.0
2026-10-04,17:30,SP2,Castellon,Ceuta,1.24,5.88,8.88,1.35,2.96
2026-10-04,17:30,SP2,Las Palmas,Valladolid,2.14,3.2,3.22,1.99,1.74
2026-10-04,20:00,SP2,Girona,Mallorca,2.15,3.34,3.03,1.8,1.92
2026-10-05,19:30,SP2,Cordoba,Tenerife,1.91,3.37,3.63,1.82,1.89
