club_tm,club_id,valor_plantel,div
Manchester City,281,1430000000.0,E0
Arsenal FC,11,1330000000.0,E0
Chelsea FC,631,1080000000.0,E0
Liverpool FC,31,1030000000.0,E0
Manchester United,985,924300000.0,E0
Tottenham Hotspur,148,824000000.0,E0
Newcastle United,762,606100000.0,E0
Brighton & Hove Albion,1237,603500000.0,E0
Brentford FC,1148,584800000.0,E0
Crystal Palace,873,579200000.0,E0
AFC Bournemouth,989,574550000.0,E0
Aston Villa,405,572500000.0,E0
Nottingham Forest,703,520500000.0,E0
Sunderland AFC,289,421630000.0,E0
Leeds United,399,407550000.0,E0
Fulham FC,931,396800000.0,E0
Everton FC,29,394300000.0,E0
Ipswich Town,677,330550000.0,E0
Coventry City,990,296700000.0,E0
Hull City,3008,251900000.0,E0
West Ham United,379,267500000.0,E1
Wolverhampton Wanderers,543,242450000.0,E1
Southampton FC,180,148300000.0,E1
Burnley FC,1132,147800000.0,E1
Middlesbrough FC,641,132400000.0,E1
Sheffield United,350,112250000.0,E1
Swansea City,2288,108130000.0,E1
Norwich City,1123,103380000.0,E1
Birmingham City,337,100250000.0,E1
Stoke City,512,97150000.0,E1
Wrexham AFC,1112,94500000.0,E1
Watford FC,1010,82800000.0,E1
Millwall FC,1028,82680000.0,E1
Derby County,22,71100000.0,E1
Queens Park Rangers,1039,68750000.0,E1
Bristol City,698,61850000.0,E1
Preston North End,466,59000000.0,E1
West Bromwich Albion,984,57850000.0,E1
Charlton Athletic,358,41280000.0,E1
Bolton Wanderers,355,37880000.0,E1
Portsmouth FC,1020,34930000.0,E1
Blackburn Rovers,164,34600000.0,E1
Cardiff City,603,29300000.0,E1
Lincoln City,1198,21300000.0,E1
Real Madrid,418,1460000000.0,SP1
FC Barcelona,131,1260000000.0,SP1
Atlético de Madrid,13,679700000.0,SP1
Villarreal CF,1050,331600000.0,SP1
Real Sociedad,681,278300000.0,SP1
Real Betis Balompié,150,254600000.0,SP1
Athletic Bilbao,621,231000000.0,SP1
Celta de Vigo,940,173000000.0,SP1
Sevilla FC,368,169100000.0,SP1
Valencia CF,1049,149100000.0,SP1
RCD Espanyol Barcelona,714,127800000.0,SP1
Deportivo A Coruña,897,115800000.0,SP1
Racing Santander,630,107500000.0,SP1
Getafe CF,3709,92300000.0,SP1
Levante UD,3368,86900000.0,SP1
Rayo Vallecano,367,86850000.0,SP1
CA Osasuna,331,77900000.0,SP1
Elche CF,1531,74000000.0,SP1
Deportivo Alavés,1108,66700000.0,SP1
Málaga CF,1084,55350000.0,SP1
Girona FC,12321,68600000.0,SP2
UD Almería,3302,59100000.0,SP2
RCD Mallorca,237,50200000.0,SP2
Real Oviedo,2497,35450000.0,SP2
CD Leganés,1244,31900000.0,SP2
UD Las Palmas,472,29700000.0,SP2
Cádiz CF,2687,29450000.0,SP2
Sporting Gijón,2448,27850000.0,SP2
CD Castellón,2502,25350000.0,SP2
Real Valladolid CF,366,24400000.0,SP2
Real Sociedad B,9899,22800000.0,SP2
Burgos CF,1536,20650000.0,SP2
Albacete Balompié,1532,17450000.0,SP2
SD Eibar,1533,16399999.999999998,SP2
FC Andorra,10718,16050000.0,SP2
Córdoba CF,993,16000000.0,SP2
Granada CF,16795,15650000.0,SP2
CD Tenerife,648,13580000.0,SP2
CD Eldense,12567,11680000.0,SP2
AD Ceuta FC,8568,11300000.0,SP2
RC Celta Fortuna,8733,10900000.0,SP2
CE Sabadell FC,11422,10550000.0,SP2
Bayern Munich,27,1040000000.0,D1
Borussia Dortmund,16,564450000.0,D1
RB Leipzig,23826,487950000.0,D1
Bayer 04 Leverkusen,15,480950000.0,D1
VfB Stuttgart,79,379700000.0,D1
Eintracht Frankfurt,24,288250000.0,D1
TSG 1899 Hoffenheim,533,280950000.0,D1
SC Freiburg,60,211400000.0,D1
FC Augsburg,167,171800000.0,D1
1.FSV Mainz 05,39,164700000.0,D1
1.FC Köln,3,156100000.0,D1
Hamburger SV,41,152800000.0,D1
Borussia Mönchengladbach,18,138550000.0,D1
SV Werder Bremen,86,122080000.0,D1
1.FC Union Berlin,89,115780000.0,D1
FC Schalke 04,33,70930000.0,D1
SV 07 Elversberg,64,58050000.0,D1
SC Paderborn 07,127,48380000.0,D1
VfL Wolfsburg,82,111900000.0,D2
FC St. Pauli,35,48430000.0,D2
1.FC Nuremberg,4,42450000.0,D2
1.FC Heidenheim 1846,2036,37900000.0,D2
Hannover 96,42,34400000.0,D2
1.FC Kaiserslautern,2,33750000.0,D2
Karlsruher SC,48,32830000.0,D2
Holstein Kiel,269,32030000.0,D2
SV Darmstadt 98,105,28250000.0,D2
1.FC Magdeburg,187,26480000.0,D2
Hertha BSC,44,25280000.0,D2
VfL Bochum,80,24830000.0,D2
SG Dynamo Dresden,129,23930000.0,D2
SpVgg Greuther Fürth,65,22250000.0,D2
Arminia Bielefeld,10,19700000.0,D2
Eintracht Braunschweig,23,19280000.0,D2
VfL Osnabrück,81,12150000.0,D2
FC Energie Cottbus,25,11150000.0,D2
Inter Milan,46,730300000.0,I1
Juventus FC,506,619300000.0,I1
Como 1907,1047,535150000.0,I1
AS Roma,12,484600000.0,I1
AC Milan,5,474350000.0,I1
Atalanta BC,800,436050000.0,I1
SSC Napoli,6195,432500000.0,I1
ACF Fiorentina,430,322750000.0,I1
SS Lazio,398,255850000.0,I1
Bologna FC 1909,1025,216750000.0,I1
US Sassuolo,6574,198950000.0,I1
Torino FC,416,177100000.0,I1
Genoa CFC,252,169000000.0,I1
Udinese Calcio,410,151300000.0,I1
Parma Calcio 1913,130,149230000.0,I1
Cagliari Calcio,1390,120700000.0,I1
Venezia FC,607,116150000.0,I1
AC Monza,2919,103450000.0,I1
Frosinone Calcio,8970,94200000.0,I1
US Lecce,1005,82500000.0,I1
Pisa Sporting Club,4172,63830000.0,I2
Palermo FC,458,52080000.0,I2
US Cremonese,2239,49750000.0,I2
Hellas Verona,276,47830000.0,I2
UC Sampdoria,1038,44550000.0,I2
Modena FC,1385,29250000.0,I2
US Avellino 1912,2331,28680000.0,I2
Mantova 1911,2581,27850000.0,I2
Cesena FC,1429,27780000.0,I2
Calcio Padova,3037,27050000.0,I2
FC Südtirol,4554,24330000.0,I2
Carrarese Calcio 1908,4159,22150000.0,I2
US Catanzaro,4097,21830000.0,I2
FC Empoli,749,18850000.0,I2
Benevento Calcio,4171,16750000.0,I2
SS Juve Stabia,5587,14430000.0,I2
LR Vicenza,2655,12700000.0,I2
Ascoli Calcio,408,12700000.0,I2
SS Arezzo,4255,12200000.0,I2
Virtus Entella,20519,10730000.0,I2
Paris Saint-Germain,583,1360000000.0,F1
AS Monaco,162,314650000.0,F1
RC Strasbourg Alsace,667,287450000.0,F1
Olympique Lyon,1041,258650000.0,F1
LOSC Lille,1082,241600000.0,F1
Stade Rennais FC,273,233300000.0,F1
RC Lens,826,203200000.0,F1
Olympique Marseille,244,181850000.0,F1
Paris FC,10004,173200000.0,F1
OGC Nice,417,139600000.0,F1
FC Toulouse,415,110900000.0,F1
AJ Auxerre,290,91200000.0,F1
FC Lorient,1158,90050000.0,F1
Stade Brestois 29,3911,69600000.0,F1
Angers SCO,1420,64000000.0,F1
Le Havre AC,738,60450000.0,F1
ESTAC Troyes,1095,40280000.0,F1
Le Mans FC,1164,27550000.0,F1
FC Nantes,995,76980000.0,F2
AS Saint-Étienne,618,66650000.00000001,F2
Stade Reims,1421,51980000.0,F2
FC Metz,347,38850000.0,F2
Montpellier HSC,969,29850000.0,F2
Clermont Foot 63,3524,16600000.000000002,F2
Red Star FC,1154,14280000.0,F2
AS Nancy-Lorraine,1159,14200000.0,F2
Rodez AF,11273,13700000.0,F2
Grenoble Foot 38,1290,11700000.0,F2
EA Guingamp,855,11650000.0,F2
USL Dunkerque,9202,11450000.0,F2
Pau FC,3166,10300000.0,F2
Stade Lavallois,1080,8980000.0,F2
FC Annecy,30204,8900000.0,F2
FC Sochaux-Montbéliard,750,8480000.0,F2
US Boulogne,7042,8199999.999999999,F2
Dijon FCO,2969,5680000.0,F2
FC Porto,720,464800000.0,P1
Sporting CP,336,378700000.0,P1
SL Benfica,294,377050000.0,P1
SC Braga,1075,150300000.0,P1
FC Famalicão,3329,61650000.0,P1
Vitória Guimarães SC,2420,52100000.0,P1
FC Alverca,2521,44900000.0,P1
GD Estoril Praia,1465,44700000.0,P1
Rio Ave FC,2425,42330000.0,P1
Casa Pia AC,3268,28550000.0,P1
CF Estrela Amadora,2431,26980000.0,P1
FC Arouca,8024,26880000.0,P1
Gil Vicente FC,2424,26100000.0,P1
Moreirense FC,979,24950000.0,P1
CD Nacional,982,21450000.0,P1
CD Santa Clara,2423,21430000.0,P1
Académico Viseu FC,7788,19330000.0,P1
CS Marítimo,1301,16880000.0,P1
PSV Eindhoven,383,284450000.0,N1
Ajax Amsterdam,610,218700000.0,N1
Feyenoord Rotterdam,234,210730000.0,N1
AZ Alkmaar,1090,129300000.0,N1
FC Twente Enschede,317,77350000.0,N1
FC Utrecht,200,63600000.0,N1
SC Heerenveen,306,52650000.0,N1
NEC Nijmegen,467,44680000.0,N1
FC Groningen,202,32850000.0,N1
Sparta Rotterdam,468,29300000.0,N1
PEC Zwolle,1269,25280000.0,N1
Go Ahead Eagles,1435,22200000.0,N1
Willem II Tilburg,403,21650000.0,N1
Excelsior Rotterdam,798,17130000.0,N1
Fortuna Sittard,385,16900000.0,N1
ADO Den Haag,1268,16780000.0,N1
SC Cambuur Leeuwarden,133,13800000.0,N1
SC Telstar,1434,8700000.0,N1
Club Brugge KV,2282,199000000.0,B1
KRC Genk,1184,98500000.0,B1
RSC Anderlecht,58,93800000.0,B1
Union Saint-Gilloise,3948,93700000.0,B1
Royal Antwerp FC,1096,61050000.0,B1
KAA Gent,157,57300000.0,B1
Standard Liège,3057,53250000.0,B1
KVC Westerlo,968,41930000.0,B1
KV Mechelen,354,41600000.0,B1
Sint-Truidense VV,475,36880000.0,B1
Cercle Brugge ,520,35550000.0,B1
Oud-Heverlee Leuven,2727,30900000.0,B1
Royal Charleroi SC,172,26850000.0,B1
Lommel SK,5026,25600000.0,B1
Zulte Waregem,3508,25550000.0,B1
KV Kortrijk,601,23350000.0,B1
RAAL La Louvière,3901,21250000.0,B1
SK Beveren,28643,16129999.999999998,B1
Galatasaray,141,411600000.0,T1
Fenerbahce,36,280700000.0,T1
Besiktas JK,114,266600000.00000003,T1
Trabzonspor,449,185800000.0,T1
Basaksehir FK,6890,75500000.0,T1
Corum FK,37951,67250000.0,T1
Göztepe,1467,60100000.0,T1
Samsunspor,152,54330000.0,T1
Caykur Rizespor,126,48000000.0,T1
Konyaspor,2293,38300000.0,T1
Kasimpasa,10484,36300000.0,T1
Alanyaspor,11282,31850000.0,T1
Gaziantep FK,2832,29800000.0,T1
Genclerbirligi Ankara,820,28850000.0,T1
Amed SK,12382,27630000.0,T1
Erzurumspor FK,39722,26880000.0,T1
Kocaelispor,120,25900000.0,T1
Eyüpspor,7160,11500000.0,T1
Rangers FC,124,148650000.0,SC0
Celtic FC,371,118400000.0,SC0
Heart of Midlothian FC,43,22030000.0,SC0
Hibernian FC,903,19050000.0,SC0
Motherwell FC,987,16850000.0,SC0
Aberdeen FC,370,14900000.0,SC0
Dundee United FC,1519,12630000.0,SC0
St. Mirren FC,465,7880000.0,SC0
Dundee FC,511,6880000.0,SC0
Kilmarnock FC,2553,6800000.0,SC0
Falkirk FC,1191,6500000.0,SC0
St. Johnstone FC,2578,6480000.0,SC0
Olympiacos Piraeus,683,184450000.0,G1
Panathinaikos,265,123750000.0,G1
PAOK Thessaloniki,1091,108800000.0,G1
AEK Athens,2441,86200000.0,G1
Aris Thessaloniki,605,40350000.0,G1
OFI Crete,653,18750000.0,G1
Levadiakos,2672,16530000.000000002,G1
Volos FC,60949,13630000.0,G1
Panetolikos,6418,13450000.0,G1
Atromitos Athens,3060,13000000.0,G1
Asteras Aktor,6676,12950000.0,G1
Kalamata FC,9,11950000.0,G1
Iraklis Thessaloniki,47,11030000.0,G1
AE Kifisia,30120,10300000.0,G1
