fecha,local,visita,competicion,registrado,pL,pE,pV,over25,btts,marcador,sin_pL,sin_pE,sin_pV,bajas_l,bajas_v,cuota_l,cuota_e,cuota_v,cuota_o25,cuota_u25,gl,gv,resultado
2026-09-13,Excelsior,Utrecht,N1,2026-09-13 10:31,0.3919525424266835,0.26518389786295,0.3428635597103665,0.5648547602512586,0.5915968243232729,1-1,0.3945799511100925,0.2629648189614728,0.3424552299284346,0.0,0.2177672955974842,2.21,3.6,2.86,1.59,2.25,1.0,2.0,V
2026-09-13,Sheffield United,Wolves,E1,2026-09-13 10:31,0.2552743276325155,0.2748415979056276,0.4698840744618567,0.5610097280590721,0.5993059710462799,1-1,0.2547859722945518,0.275092445931226,0.4701215817742221,0.0534521158129175,0.0,3.16,3.52,2.12,1.7,2.07,0.0,1.0,V
2026-09-13,Club Brugge,Antwerp,B1,2026-09-13 10:31,0.7710615640493955,0.1601235185039132,0.0688149174466912,0.7040200409964829,0.5749492845649645,2-0,0.7709840426839364,0.1601138109198466,0.0689021463962171,0.1658291457286432,0.0819000819000819,1.24,5.85,9.33,1.39,2.82,3.0,1.0,L
2026-09-13,Heidenheim,Holstein Kiel,D2,2026-09-13 10:31,0.4193771754516611,0.2713600328859435,0.3092627916623953,0.6393495604675854,0.6243045585105186,1-1,0.4121844203324438,0.2714516350039949,0.3163639446635613,0.079155672823219,0.1342491414299094,2.08,3.7,2.98,1.48,2.51,1.0,0.0,L
2026-09-13,Karlsruhe,Cottbus,D2,2026-09-13 10:31,0.5841881479729456,0.2151629040289579,0.2006489479980963,0.7039635369670582,0.6642620713520482,2-2,0.5845219530736102,0.2150429019076441,0.2004351450187456,0.0395979287237283,0.0896860986547085,1.66,4.21,4.12,1.36,2.96,0.0,3.0,V
2026-09-13,Osnabruck,Hertha,D2,2026-09-13 10:31,0.3303826282787063,0.2633406954949308,0.406276676226363,0.6509511582410819,0.6305947746364347,1-1,0.3303826282787063,0.2633406954949308,0.406276676226363,0.0,0.0,3.02,3.63,2.09,1.54,2.34,1.0,3.0,V
2026-09-13,Celta,Malaga,SP1,2026-09-13 10:31,0.576439390301418,0.2513883159828684,0.1721722937157137,0.4972518621299022,0.5296267722503412,1-1,0.5765428262030514,0.2513423424184035,0.1721148313785451,0.0,0.021680216802168,1.7,3.62,4.89,2.03,1.72,1.0,1.0,E
2026-09-13,Sp Gijon,Eldense,SP2,2026-09-13 10:31,0.5370349035976187,0.2750645984625642,0.1879004979398169,0.4585983867059102,0.5015474528492778,1-0,0.5370349035976187,0.2750645984625642,0.1879004979398169,0.0,0.0,1.7,3.47,4.74,2.08,1.68,0.0,1.0,V
2026-09-13,Heerenveen,Telstar,N1,2026-09-13 10:31,0.6114184475648591,0.2289256818432417,0.1596558705918991,0.672085741879301,0.6198181968794934,1-1,0.6087064202071653,0.2322692954274416,0.159024284365393,0.157644824311491,0.0,1.61,4.28,4.46,1.39,2.79,0.0,0.0,E
2026-09-13,Coventry,Brighton,E0,2026-09-13 10:31,0.2023955015913388,0.2443152133667728,0.5532892850418883,0.555348552390658,0.5957135258960469,1-1,0.2025571126540322,0.2429362444940995,0.5545066428518681,0.0539265251095382,0.3115161557580779,3.91,3.73,1.85,1.72,2.03,0.0,5.0,V
2026-09-13,Lille,Troyes,F1,2026-09-13 10:31,0.7251475917557696,0.1874365553889233,0.0874158528553072,0.5664112440550138,0.512523204692168,1-0,0.725248925151222,0.1874386218969088,0.0873124529518691,0.0745033112582781,0.1613704071499503,1.39,4.69,7.36,1.66,2.13,2.0,0.0,L
2026-09-13,Lecce,Monza,I1,2026-09-13 10:31,0.3107570061152195,0.3345294633032697,0.3547135305815108,0.4013685415449487,0.5012565727634171,1-1,0.3114140927939227,0.3341734210089342,0.3544124861971431,0.1575757575757575,0.2416626389560174,2.6,3.09,2.78,2.21,1.63,3.0,2.0,L
2026-09-13,RB Leipzig,Hamburg,D1,2026-09-13 10:31,0.7770362527967849,0.1531376186963559,0.0698261285068593,0.6968184920285976,0.5827144071169644,2-1,0.7764486432756683,0.1534867592952344,0.0700645974290971,0.122963418383031,0.1459424083769633,1.34,5.24,7.53,1.39,2.85,5.0,0.0,L
2026-09-13,Genk,Gent,B1,2026-09-13 10:31,0.4544853387881335,0.2944336920477352,0.2510809691641311,0.5464160121997479,0.58299170771798,1-1,0.4545906368331172,0.2943830489400355,0.2510263142268472,0.0548223350253807,0.0698080279232111,1.98,3.4,3.48,1.77,1.96,1.0,1.0,E
2026-09-13,Genclerbirligi,Kasimpasa,T1,2026-09-13 10:31,0.349088916888791,0.2959425672954041,0.3549685158158048,0.4910846610915922,0.5134932351067265,1-1,0.3462145462162736,0.2965683377486935,0.3572171160350329,0.097053726169844,0.1184573002754821,2.22,3.21,3.05,2.08,1.68,1.0,2.0,V
2026-09-13,Levante,Barcelona,SP1,2026-09-13 10:31,0.0612368233875156,0.1192315068321298,0.8195316697803545,0.75117439962264,0.582101900173281,1-2,0.0614110026365796,0.1191210527288044,0.8194679446346158,0.0,0.0396825396825396,14.46,7.89,1.15,1.25,3.71,2.0,4.0,V
2026-09-13,Valladolid,Oviedo,SP2,2026-09-13 10:31,0.4079137047689198,0.3085302752339389,0.2835560199971412,0.3634021805448957,0.4561794363865421,0-1,0.407351032598679,0.3088945936538922,0.2837543737474288,0.0491803278688524,0.0,2.34,2.93,3.13,2.54,1.47,0.0,3.0,V
2026-09-13,Zwolle,Feyenoord,N1,2026-09-13 10:31,0.1173029554530169,0.1849214967573345,0.6977755477896485,0.725456492090009,0.6200509934365543,1-2,0.1144190231285466,0.1828221184774588,0.7027588583939947,0.2155854430379747,0.2135433967636311,5.98,4.91,1.42,1.33,3.11,0.0,7.0,V
2026-09-13,Kalamata,Volos NFC,G1,2026-09-13 10:31,0.3762942614118995,0.3239669605830828,0.2997387780050175,0.4172105460815282,0.5150988825892562,1-1,0.3773607204810447,0.3234948995996043,0.2991443799193509,0.0,0.1614086573734409,2.45,3.02,2.81,2.34,1.54,3.0,1.0,L
2026-09-13,Le Mans,Lens,F1,2026-09-13 10:31,0.1761524866132405,0.2297426725896558,0.5941048407971036,0.5854226122116535,0.5828805347027158,1-1,0.1587185278125812,0.2278884326441048,0.6133930395433139,0.0544464609800363,0.2199803149606299,4.77,4.02,1.64,1.63,2.18,2.0,2.0,E
2026-09-13,Avellino,Palermo,I2,2026-09-13 10:31,0.2484193653387292,0.2764934225065034,0.4750872121547674,0.4990130826376895,0.5385698515099127,1-1,0.2499026542003755,0.283825932702164,0.4662714130974605,0.0871687587168758,0.0096006144393241,3.64,3.2,2.0,1.99,1.74,1.0,1.0,E
2026-09-13,Mantova,Sampdoria,I2,2026-09-13 10:31,0.4500961876434816,0.3025408677962569,0.2473629445602614,0.432417078441298,0.5158962881767107,1-1,0.4520001404484409,0.3015964873306621,0.2464033722208969,0.0359066427289048,0.3041526374859708,2.01,3.19,3.62,2.08,1.68,2.0,0.0,L
2026-09-13,Elversberg,Bayern Munich,D1,2026-09-13 10:31,0.0749514970464688,0.1178839257137153,0.8071645772398159,0.7772903080793826,0.5987711832754345,1-2,0.074881718076065,0.1179225666746571,0.8071957152492778,0.0292850990525409,0.0173076923076923,12.77,8.35,1.15,1.16,4.89,1.0,2.0,V
2026-09-13,Man United,Man City,E0,2026-09-13 10:31,0.3091653458459231,0.2604287204752959,0.4304059336787809,0.6770441824316553,0.6530598595786966,1-1,0.3108557018263609,0.2615244827429306,0.4276198154307085,0.1352374770096289,0.0524475524475524,3.08,3.78,2.1,1.5,2.49,0.0,1.0,V
2026-09-13,Asteras Tripolis,AEK,G1,2026-09-13 10:31,0.1012518327699712,0.1858370518383713,0.7129111153916574,0.5120059841975432,0.4968589985708702,0-1,0.1006850553675417,0.1862404943481453,0.713074450284313,0.0984555984555984,0.0139211136890951,7.69,4.29,1.37,1.85,1.86,1.0,1.0,E
2026-09-13,Napoli,Bologna,I1,2026-09-13 10:31,0.5594414139249726,0.2693806838441143,0.171177902230913,0.4811080155629833,0.5094765387819987,1-1,0.5599354395409267,0.2690191297822499,0.1710454306768233,0.3236994219653179,0.1792387543252595,1.75,3.53,4.72,2.05,1.72,1.0,0.0,L
2026-09-13,Waregem,Charleroi,B1,2026-09-13 10:31,0.3429571514674801,0.3068474297658261,0.3501954187666938,0.5982144779520996,0.5988288468288832,1-1,0.3428240651075946,0.3069186422704599,0.3502572926219454,0.0704500978473581,0.0558659217877094,2.5,3.41,2.55,1.71,2.03,0.0,1.0,V
2026-09-13,Getafe,La Coruna,SP1,2026-09-13 10:31,0.4084814700162563,0.3297416062456991,0.2617769237380445,0.3036002587842578,0.4547663083974105,1-0,0.4076753927282603,0.3301776840877876,0.2621469231839521,0.1300108342361863,0.0086355785837651,2.4,2.79,3.38,3.02,1.36,1.0,1.0,E
2026-09-13,Mallorca,Sabadell,SP2,2026-09-13 10:31,0.5287016122333497,0.3080088298000045,0.1632895579666457,0.3941654342785123,0.4577439764339828,0-0,0.5286635683487884,0.3080285356849562,0.1633078959662554,0.0099601593625498,0.0,1.7,3.41,4.89,2.16,1.64,2.0,0.0,L
2026-09-13,Arouca,Santa Clara,P1,2026-09-13 10:31,0.3216514823895689,0.3377452501786939,0.3406032674317371,0.3674908746224006,0.5217557765360815,1-1,0.3202029524042855,0.3368645567056227,0.3429324908900918,0.0,0.163322445170322,2.56,3.08,2.72,2.25,1.58,1.0,2.0,V
2026-09-13,Benfica,Gil Vicente,P1,2026-09-13 10:31,0.8637465353656154,0.1032946997943879,0.0329587648399965,0.6327686110330373,0.4684719445034462,2-0,0.8640511546448856,0.1030426707191253,0.0329061746359889,0.0,0.057471264367816,1.13,7.44,17.46,1.47,2.52,3.0,1.0,L
2026-09-13,Amedspor,Buyuksehyr,T1,2026-09-13 10:31,0.3755921699424194,0.2691249839913066,0.3552828460662741,0.5524123743270494,0.5887365236820538,1-1,0.3750025587350666,0.2694485895942292,0.3555488516707041,0.0941006152732537,0.047682119205298,2.49,3.38,2.55,1.78,1.95,5.0,0.0,L
2026-09-13,Galatasaray,Kocaelispor,T1,2026-09-13 10:31,0.765896642122226,0.1695060234815139,0.0645973343962601,0.6295993465480543,0.4505941223142916,1-0,0.7674025126236801,0.1687612412703765,0.0638362461059432,0.249514091350826,0.0772200772200772,1.3,5.14,7.96,1.5,2.46,1.0,0.0,L
2026-09-13,RAAL La Louviere,Kortrijk,B1,2026-09-13 10:31,0.3935202300647325,0.3097046918212808,0.2967750781139867,0.4600640216600656,0.5225688460099492,1-0,0.393701811758311,0.3096245486736558,0.2966736395680331,0.0235294117647058,0.0535331905781584,2.37,3.28,2.78,1.92,1.8,3.0,0.0,L
2026-09-13,Kifisia,Levadeiakos,G1,2026-09-13 10:31,0.4358725591603621,0.2779538742724057,0.286173566567232,0.4655160583871685,0.5307068514666811,1-1,0.4354217665698502,0.2782154448503,0.2863627885798497,0.0364077669902912,0.0,2.32,3.16,2.89,2.07,1.68,0.0,0.0,E
2026-09-13,PAOK,Aris,G1,2026-09-13 10:31,0.5974851127613208,0.2430629026958115,0.1594519845428677,0.5344623908623323,0.5172358225414468,1-0,0.5957567517860693,0.2434801796142887,0.1607630685996419,0.2169117647058823,0.0,1.48,4.1,5.64,1.73,2.01,2.0,0.0,L
2026-09-13,PSV Eindhoven,Sparta Rotterdam,N1,2026-09-13 10:31,0.8373645571289949,0.1158880027481929,0.046747440122812,0.8030414436120024,0.5715991653793114,3-0,0.8373868331168676,0.1158034000809002,0.0468097668022322,0.1585515907892423,0.0708191126279863,1.16,7.63,11.58,1.17,4.49,4.0,1.0,L
2026-09-13,Panathinaikos,Panetolikos,G1,2026-09-13 10:31,0.743944328685502,0.1877510954579501,0.0683045758565479,0.5314813594662998,0.4564175477440562,1-0,0.7436933201891789,0.1879850011021309,0.0683216787086903,0.063030303030303,0.0483271375464684,1.29,4.77,9.15,1.74,1.99,3.0,0.0,L
2026-09-13,Brest,Paris SG,F1,2026-09-13 10:31,0.0769601701705095,0.1431430112155735,0.7798968186139168,0.7194927369220839,0.5956028386410686,1-2,0.0766531113340047,0.1433397648627306,0.7800071238032648,0.057471264367816,0.0,9.85,5.88,1.25,1.39,2.84,0.0,1.0,V
2026-09-13,Sassuolo,Juventus,I1,2026-09-13 10:31,0.1455873227424032,0.2431632024124962,0.6112494748451005,0.5815811989686477,0.5659363855084443,1-1,0.1480857121494151,0.2425046297372345,0.6094096581133502,0.2211610957527016,0.3568545131600193,5.12,3.94,1.62,1.78,1.97,3.0,2.0,L
2026-09-13,Sociedad,Ath Madrid,SP1,2026-09-13 10:31,0.3079187263839338,0.2730845485213395,0.4189967250947267,0.5602815433550854,0.5895509301526785,1-1,0.3078845242159794,0.2731036088416724,0.4190118669423481,0.0028745957599712,0.0,2.81,3.48,2.35,1.64,2.17,0.0,3.0,V
2026-09-13,Tenerife,Leganes,SP2,2026-09-13 10:31,0.4068969945671102,0.3267584374715101,0.2663445679613795,0.3537688102047991,0.4420732835015508,0-0,0.4066876695122961,0.3268948035296091,0.2664175269580947,0.0220913107511045,0.0,2.27,3.0,3.17,2.4,1.52,2.0,0.0,L
2026-09-13,Famalicao,Sp Lisbon,P1,2026-09-13 10:31,0.1721468492920753,0.2354378679847538,0.5924152827231709,0.5524151108987565,0.4896002179678787,0-1,0.1725960114833242,0.2351588556893081,0.5922451328273677,0.0,0.0462107208872458,5.47,4.13,1.52,1.73,2.01,1.0,1.0,E
2026-09-14,Como,Parma,I1,2026-09-13 10:31,0.8171310967925021,0.1361875102045318,0.0466813930029658,0.5590593891036665,0.437321620537656,1-0,0.8171348313826913,0.1361857696863448,0.0466793989309639,0.0373726992432028,0.0402063928164578,1.22,5.86,13.15,1.68,2.12,2.0,1.0,L
2026-09-14,Torino,Roma,I1,2026-09-13 10:31,0.1079554482484885,0.2069900395349311,0.6850545122165803,0.5561478933073072,0.5236754827482409,0-1,0.1070315842812953,0.2076177421069636,0.685350673611741,0.1693958215697346,0.0165084605860503,5.71,3.98,1.56,1.77,1.97,0.0,2.0,V
2026-09-14,Gaziantep,Fenerbahce,T1,2026-09-13 10:31,0.1668508693952477,0.2107664834397619,0.6223826471649904,0.6379551468312082,0.5720152435394866,1-2,0.1667966832269935,0.2107965844741184,0.622406732298888,0.1325503355704698,0.1275382971143569,5.29,3.98,1.53,1.7,2.04,0.0,0.0,E
2026-09-14,Rio Ave,Estrela,P1,2026-09-13 10:31,0.3202776028687068,0.3190041583677891,0.360718238763504,0.4569608913767396,0.5324714224548569,1-1,0.3027657293975978,0.3151966980556888,0.3820375725467133,0.1535553980628396,0.2594514455151964,2.7,3.2,2.48,2.03,1.71,3.0,3.0,E
2026-09-14,Celta B,Eibar,SP2,2026-09-13 10:31,0.2781267196323773,0.2970373022680367,0.424835978099586,0.482031029255159,0.5081961120962339,1-1,0.2745071844420323,0.3040972163648741,0.4213955991930935,0.3715596330275229,0.0,3.22,3.06,2.2,2.1,1.67,0.0,4.0,V
2026-09-14,Red Star,Metz,F2,2026-09-13 10:31,0.3198806474701242,0.2932345125554954,0.3868848399743803,0.5044331448952344,0.551156982931144,1-1,0.3196965406392827,0.2933318941679091,0.3869715651928082,0.0210084033613445,0.0012870012870012,2.56,3.22,2.56,1.9,1.82,1.0,0.0,L
2026-09-14,Inter,Udinese,I1,2026-09-13 10:31,0.8071941091121687,0.1382090564521019,0.0545968344357293,0.6625593487967529,0.5248165739131004,2-0,0.8072894696657432,0.1383796371677274,0.0543308931665294,0.0547720115021224,0.3767349636483807,1.25,5.85,11.15,1.53,2.42,5.0,3.0,L
2026-09-14,Leeds,Newcastle,E0,2026-09-13 10:31,0.38778134641175,0.2852578498097544,0.3269608037784954,0.5497462489512146,0.5922628361155192,1-1,0.3890134452348877,0.2845961353693701,0.3263904193957421,0.052754263280579,0.1682890612110212,2.38,3.45,2.81,1.75,2.0,4.0,1.0,L
2026-09-14,Villarreal,Betis,SP1,2026-09-13 10:31,0.5516982765618064,0.2436323770191961,0.2046693464189975,0.6296253687303417,0.6435320968310397,1-1,0.5516982765618064,0.2436323770191961,0.2046693464189975,0.0,0.0,1.88,3.79,3.62,1.54,2.36,1.0,2.0,V
2026-09-14,Moreirense,Maritimo,P1,2026-09-13 10:31,0.3703807731708924,0.3177716749006725,0.3118475519284351,0.3921026389270576,0.5224352519945744,1-1,0.3703807731708924,0.3177716749006725,0.3118475519284351,0.0,0.0,2.4,3.12,2.88,2.21,1.6,3.0,1.0,L
2026-09-14,Sp Braga,Estoril,P1,2026-09-13 10:31,0.6584453092881007,0.2192364827891949,0.1223182079227042,0.6162700462133687,0.5414351278812783,2-1,0.6582197990034327,0.2192741075887003,0.122506093407867,0.0998003992015968,0.0,1.44,4.3,6.41,1.67,2.09,1.0,0.0,L
2026-09-15,Vallecano,Espanol,SP1,2026-09-15 11:26,0.4057446600783479,0.3075989318270409,0.2866564080946111,0.4876183648477897,0.5369235975835092,1-1,0.4052650644699386,0.307844664325295,0.2868902712047663,0.0736902705814623,0.0054773082942097,2.3,3.37,3.03,1.87,1.87,2.0,1.0,L
2026-09-15,Ajax,Willem II,N1,2026-09-15 11:26,0.8545342992315695,0.1059419055064263,0.0395237952620041,0.7482433035851679,0.4821218752419132,2-0,0.8543450074981114,0.1061484618723576,0.0395065306295308,0.1220850480109739,0.184757505773672,1.11,9.4,16.44,1.21,4.1,5.0,1.0,L
2026-09-15,Alaves,Valencia,SP1,2026-09-15 11:26,0.5806893494025542,0.2575824496307907,0.161728200966655,0.4459381127592836,0.507217754006964,1-1,0.5814096306812074,0.2571323130384559,0.1614580562803365,0.0104947526236881,0.1012743125419181,1.73,3.49,5.16,2.05,1.72,0.0,1.0,V
2026-09-15,Bristol City,Lincoln,E1,2026-09-15 11:26,0.4895776493962889,0.2879877741253664,0.2224345764783447,0.4773473240673098,0.512567404042472,1-0,0.4896050788783337,0.2879716930822804,0.2224232280393858,0.0646725949878739,0.068075117370892,1.85,3.55,4.19,1.96,1.79,0.0,1.0,V
2026-09-15,Middlesbrough,Millwall,E1,2026-09-15 11:26,0.6641122316753929,0.2202934297485979,0.1155943385760091,0.6061757376139891,0.5546055371327021,1-1,0.6650138729811846,0.2197264688532639,0.1152596581655513,0.0,0.1451378809869375,1.47,4.6,6.03,1.54,2.38,2.0,2.0,E
2026-09-15,Falkirk,Hearts,SC0,2026-09-15 11:26,0.2239152681217814,0.2618919870546081,0.5141927448236104,0.5531500317281087,0.5876814744588931,1-1,0.2257675580370257,0.2608201362549117,0.5134123057080625,0.0,0.1758965047662278,3.76,3.64,1.89,1.7,2.07,2.0,1.0,L
2026-09-15,Hibernian,Kilmarnock,SC0,2026-09-15 11:26,0.7215604119055422,0.1849990427836421,0.0934405453108157,0.6385596151849726,0.5516699134709315,2-1,0.7211403341677541,0.1851910681342019,0.093668597698044,0.1364829396325459,0.0,1.4,4.82,6.73,1.48,2.54,0.0,1.0,V
2026-09-15,Motherwell,Aberdeen,SC0,2026-09-15 11:26,0.4894602806203444,0.2770119928606898,0.2335277265189658,0.5741230739679611,0.5752498141301428,1-0,0.4893376017294838,0.2770497128649464,0.2336126854055698,0.029673590504451,0.0,1.82,3.73,3.98,1.69,2.09,0.0,4.0,V
2026-09-15,Elche,Real Madrid,SP1,2026-09-15 11:26,0.0686467804936896,0.1354112652014074,0.795941954304903,0.7012463200003753,0.5659644821341314,0-2,0.068867596123389,0.1352608196034894,0.7958715842731214,0.0,0.0472602739726027,11.64,7.39,1.2,1.3,3.43,2.0,3.0,V
2026-09-16,Ath Madrid,Osasuna,SP1,2026-09-15 11:26,0.7285833069028939,0.1859907458111527,0.0854259472859534,0.5831393287679549,0.5108251634660523,2-0,0.7285833069028939,0.1859907458111527,0.0854259472859534,0.0,0.0,1.38,4.73,7.91,1.7,2.08,4.0,0.0,L
2026-09-16,La Coruna,Sevilla,SP1,2026-09-15 11:26,0.3804131121532417,0.3142126549070913,0.305374232939667,0.3639856476967934,0.5190650902447506,1-1,0.3811593683893621,0.3137941432207866,0.3050464883898514,0.0086355785837651,0.0887049083382613,2.45,3.1,3.01,2.22,1.61,0.0,1.0,V
2026-09-16,Barcelona,Santander,SP1,2026-09-15 11:26,0.8935393060573383,0.0766325799236421,0.0298281140190195,0.8487758717405545,0.563689248438278,4-1,0.8935145040779288,0.0766820443133032,0.0298034516087679,0.0396825396825396,0.0930232558139534,1.06,13.81,24.23,1.1,6.31,7.0,2.0,L
2026-09-16,Levante,Ath Bilbao,SP1,2026-09-15 11:26,0.2407144409968052,0.2924431282718341,0.4668424307313608,0.528970236676131,0.5665313517173588,1-1,0.2407276309373726,0.2924363321185795,0.4668360369440477,0.0,0.0017316017316017,3.35,3.46,2.11,1.8,1.94,,,
2026-09-17,Betis,Getafe,SP1,2026-09-15 11:26,0.5691950858066912,0.2742658589473676,0.156539055245941,0.4488027784276339,0.4687168869134512,1-0,0.5697048451093414,0.2740249752267569,0.1562701796639016,0.0,0.1300108342361863,1.64,3.62,5.42,2.16,1.65,1.0,0.0,L
2026-09-17,Malaga,Villarreal,SP1,2026-09-15 11:26,0.2392093388044422,0.2569249335505096,0.5038657276450481,0.596672566039649,0.6079204876756886,1-1,0.238983681235596,0.2570446194092455,0.5039716993551584,0.021680216802168,0.0,3.53,3.69,1.94,1.61,2.23,1.0,3.0,V
2026-09-19,Holstein Kiel,Osnabruck,D2,2026-09-19 10:39,0.5614680636276571,0.2370290115084461,0.2015029248638967,0.6398652780238243,0.6186264103249136,2-1,0.5608801005835843,0.2371995322510401,0.2019203671653756,0.1342491414299094,0.0,1.74,3.95,3.91,1.46,2.56,1.0,1.0,E
2026-09-19,Kaiserslautern,Braunschweig,D2,2026-09-19 10:39,0.4543689083403629,0.2736730496092571,0.2719580420503798,0.6188227336863844,0.6266088089904428,1-1,0.4530888848896617,0.2740649851658107,0.2728461299445277,0.2874074074074074,0.0570539419087136,1.9,3.75,3.45,1.54,2.36,1.0,0.0,L
2026-09-19,Karlsruhe,Nurnberg,D2,2026-09-19 10:39,0.2761305125400539,0.2618300362614073,0.4620394511985389,0.7030280728544639,0.6868290608381419,1-1,0.278100864766851,0.2645274266090167,0.4573717086241322,0.0395979287237283,0.143698468786808,2.81,3.87,2.13,1.34,3.08,0.0,1.0,V
2026-09-19,Tottenham,Aston Villa,E0,2026-09-19 10:39,0.5122081854273197,0.257728680118192,0.2300631344544881,0.5312747191471687,0.58363101044999,1-1,0.5146016980009168,0.256486559460421,0.2289117425386621,0.1128640776699029,0.234061135371179,1.99,3.59,3.62,1.78,1.98,2.0,3.0,V
2026-09-19,Cardiff,Charlton,E1,2026-09-19 10:39,0.5597798278798618,0.2508867874698594,0.1893333846502788,0.5569278076790332,0.574366461867579,1-1,0.5592267587498483,0.2512326342362299,0.1895406070139218,0.0614334470989761,0.0042393410852713,1.79,3.9,4.01,1.62,2.22,3.0,1.0,L
2026-09-19,Millwall,West Ham,E1,2026-09-19 10:39,0.2089488577398385,0.2448187933955175,0.5462323488646439,0.5702877245037377,0.6222069782306616,1-1,0.2079463907388928,0.2453537896524377,0.5466998196086694,0.1451378809869375,0.0373831775700934,4.02,3.88,1.79,1.57,2.31,2.0,2.0,E
2026-09-19,Stoke,Sheffield United,E1,2026-09-19 10:39,0.383163282485874,0.2869418163983488,0.3298949011157773,0.4888792444843259,0.5503693886131207,1-1,0.3834524136511564,0.2864713087374125,0.330076277611431,0.0257334019557385,0.0534521158129175,2.39,3.39,2.84,1.84,1.89,2.0,1.0,L
2026-09-19,Boulogne,Nantes,F2,2026-09-19 10:39,0.2344550225288187,0.29565618907252,0.4698887883986613,0.4286473962720239,0.4768754381663632,0-0,0.2346042755979765,0.2966237734215774,0.468771950980446,0.048780487804878,0.0370226032735775,3.35,3.22,2.08,2.11,1.67,1.0,2.0,V
2026-09-19,Guingamp,Red Star,F2,2026-09-19 10:39,0.3644746788795777,0.2974204959820793,0.338104825138343,0.5455083883606057,0.5831235345069794,1-1,0.3650183788003438,0.2985692481041266,0.3364123730955295,0.2188841201716738,0.0210084033613445,2.41,3.34,2.66,1.72,2.02,1.0,3.0,V
2026-09-19,Osasuna,Vallecano,SP1,2026-09-19 10:39,0.4045195063168318,0.3072072724964141,0.2882732211867541,0.451446675465316,0.5287315129713454,1-1,0.4051911265764185,0.3068170971264518,0.2879917762971296,0.0,0.0736902705814623,2.39,3.25,2.99,2.01,1.75,1.0,1.0,E
2026-09-19,Sociedad B,Mallorca,SP2,2026-09-19 10:39,0.1936117941619709,0.2628366832082721,0.5435515226297569,0.5067077057669247,0.5335897347722758,1-1,0.1936217996647923,0.2628305971083194,0.5435476032268882,0.0087719298245614,0.0099601593625498,3.8,3.42,1.88,1.87,1.84,0.0,1.0,V
2026-09-19,Bologna,Torino,I1,2026-09-19 10:39,0.4745313468427075,0.290141817879133,0.2353268352781593,0.4865531227954237,0.5255505702553966,1-0,0.4745718430256774,0.2901234098842341,0.2353047470900884,0.0777393310265282,0.0846979107848673,1.93,3.46,3.92,1.96,1.79,1.0,1.0,E
2026-09-19,Udinese,Cagliari,I1,2026-09-19 10:39,0.4322782772917591,0.3059158982877258,0.2618058244205149,0.4452036802667921,0.5227164050423627,1-1,0.4320448563036004,0.3062770447157097,0.2616780989806898,0.3767349636483807,0.1284175642087821,2.25,3.22,3.28,2.11,1.69,0.0,1.0,V
2026-09-19,Carrarese,Benevento,I2,2026-09-19 10:39,0.3048538459752469,0.3011171868856614,0.3940289671390915,0.4826365077428225,0.560131310143756,1-1,0.3051227789821229,0.3009853213504234,0.3938918996674536,0.0,0.0343283582089552,2.82,3.33,2.32,1.84,1.88,0.0,1.0,V
2026-09-19,Cremonese,Virtus Entella,I2,2026-09-19 10:39,0.5471433951690293,0.2771644535856105,0.1756921512453602,0.4846673833687057,0.5175880545445459,1-0,0.5419833997198918,0.2795957733271362,0.178420826952972,0.0552763819095477,0.0163094128611369,1.74,3.5,4.46,1.98,1.75,0.0,0.0,E
2026-09-19,Palermo,Padova,I2,2026-09-19 10:39,0.6147168020538285,0.2364778651094976,0.1488053328366738,0.5661487402459818,0.5346394647213587,1-0,0.6149064817670971,0.2364127184729307,0.1486807997599722,0.0096006144393241,0.0702402957486136,1.55,3.99,5.21,1.69,2.07,2.0,1.0,L
2026-09-19,Ein Frankfurt,Freiburg,D1,2026-09-19 10:39,0.359005803598651,0.2698188170057576,0.3711753793955913,0.7002942707148807,0.702825475889461,1-1,0.3581321807003669,0.2701983122048741,0.3716695070947588,0.1585429314830876,0.065279091769158,2.36,3.79,2.62,1.42,2.74,2.0,2.0,E
2026-09-19,Hamburg,FC Koln,D1,2026-09-19 10:39,0.2940824131028813,0.2910785916059974,0.4148389952911213,0.5695625767858596,0.612770128088492,1-1,0.2932221248050336,0.2914110949144151,0.4153667802805512,0.1459424083769633,0.0224215246636771,2.64,3.62,2.42,1.57,2.32,2.0,1.0,L
2026-09-19,M'gladbach,Mainz,D1,2026-09-19 10:39,0.2832227425594764,0.2858017148730059,0.4309755425675176,0.6391509996692627,0.6323845595147164,1-1,0.282898032422795,0.2859673375620343,0.4311346300151707,0.2201371346084446,0.1870066788099575,2.9,3.65,2.22,1.52,2.44,3.0,4.0,V
2026-09-19,Werder Bremen,Augsburg,D1,2026-09-19 10:39,0.4083511472991449,0.2756330524509408,0.3160158002499141,0.6905487067985572,0.6891415032218351,1-1,0.4020566578491996,0.2756649288096827,0.3222784133411175,0.3153669724770642,0.0878928987194412,2.27,3.82,2.74,1.41,2.79,3.0,2.0,L
2026-09-19,Oud-Heverlee Leuven,RAAL La Louviere,B1,2026-09-19 10:39,0.4314573666490026,0.3043474214852652,0.2641952118657321,0.4527523836522136,0.5255135206752177,1-1,0.4314376529493458,0.3043587379830912,0.2642036090675629,0.0258899676375404,0.0235294117647058,2.01,3.33,3.47,1.91,1.82,2.0,0.0,L
2026-09-19,Brighton,Arsenal,E0,2026-09-19 10:39,0.1816321253128039,0.2486391013459764,0.5697287733412196,0.5556911073901267,0.5743894725129362,0-1,0.1799683073385634,0.2496905219525824,0.5703411707088542,0.3115161557580779,0.1578947368421052,4.77,3.89,1.68,1.71,2.06,3.0,0.0,L
2026-09-19,Everton,Ipswich,E0,2026-09-19 10:39,0.5837676173768946,0.2560793960835428,0.1601529865395626,0.5633678620456068,0.5762126012432824,1-0,0.5841484891642693,0.2562989225297813,0.1595525883059492,0.0126806999746386,0.1542883073665103,1.76,3.79,4.36,1.7,2.08,1.0,0.0,L
2026-09-19,Newcastle,Hull,E0,2026-09-19 10:39,0.5861382398338522,0.2378020709393003,0.1760596892268476,0.6312276584474843,0.5569178356009086,2-0,0.5861218003741869,0.2377908448324795,0.1760873547933336,0.1682890612110212,0.1568082572449384,1.58,4.26,5.1,1.59,2.27,2.0,1.0,L
2026-09-19,Birmingham,Middlesbrough,E1,2026-09-19 10:39,0.2883179130661537,0.2898586892175667,0.4218233977162796,0.5714755701709622,0.5927953253182765,1-1,0.2873831745318851,0.2885318253185258,0.424085000149589,0.056857855361596,0.0,2.85,3.58,2.29,1.65,2.14,2.0,2.0,E
2026-09-19,Burnley,Derby,E1,2026-09-19 10:39,0.5471710253639384,0.2623854249508101,0.1904435496852516,0.5184999363749417,0.5595732665467748,1-1,0.5455388058874716,0.2669440802159716,0.1875171138965566,0.050744248985115,0.3143459915611814,1.79,3.68,4.21,1.82,1.92,1.0,1.0,E
2026-09-19,Lincoln,Swansea,E1,2026-09-19 10:39,0.2756317975502496,0.3348436459103185,0.3895245565394318,0.4418761984566809,0.5281479657229529,1-0,0.2752599531710641,0.3350501544631346,0.3896898923658012,0.068075117370892,0.0138721908813465,2.79,3.36,2.43,1.88,1.84,1.0,2.0,V
2026-09-19,Portsmouth,Blackburn,E1,2026-09-19 10:39,0.4311538196430886,0.3009576848461834,0.2678884955107279,0.4765507937296821,0.5291033232400418,1-1,0.431650766861715,0.3006827372512894,0.2676664958869955,0.041511594617807,0.1011560693641618,2.08,3.39,3.44,1.99,1.76,2.0,2.0,E
2026-09-19,QPR,Preston,E1,2026-09-19 10:39,0.5673853981617696,0.2574374999257577,0.1751771019124726,0.5396992718429003,0.5715254515678349,1-1,0.5669108281517925,0.2576958218214922,0.1753933500267153,0.0745454545454545,0.0,1.72,3.79,4.53,1.78,1.96,2.0,2.0,E
2026-09-19,Wrexham,Southampton,E1,2026-09-19 10:39,0.3308174779632892,0.2993004215757794,0.3698821004609312,0.5602773947370114,0.601934986116319,1-1,0.3335179685506717,0.2929611931153977,0.3735208383339305,0.0052910052910052,0.3020903573836817,2.91,3.52,2.28,1.75,2.01,2.0,1.0,L
2026-09-19,Dundee,Motherwell,SC0,2026-09-19 10:39,0.2671045303538614,0.272782803861792,0.4601126657843466,0.5526596315149529,0.5971741310022902,1-1,0.2659312934560491,0.2734000092737658,0.460668697270185,0.1453488372093023,0.029673590504451,2.99,3.4,2.23,1.71,2.04,2.0,1.0,L
2026-09-19,Hibernian,Aberdeen,SC0,2026-09-19 10:39,0.5849634129680198,0.2475364546833254,0.1675001323486548,0.5724573941224345,0.5790475091326692,1-1,0.5842995163555028,0.2478450018121837,0.1678554818323135,0.1364829396325459,0.0,1.71,3.8,4.35,1.66,2.12,1.0,1.0,E
2026-09-19,St Johnstone,Falkirk,SC0,2026-09-19 10:39,0.4830067468680131,0.2739094957243362,0.2430837574076507,0.4913815593412123,0.5419191504500649,1-1,0.4830067468680131,0.2739094957243362,0.2430837574076507,0.0,0.0,2.03,3.49,3.35,1.82,1.9,1.0,1.0,E
2026-09-19,St Mirren,Dundee United,SC0,2026-09-19 10:39,0.3642327019300984,0.3040427161398591,0.3317245819300425,0.5092982674524104,0.5845324233696996,1-1,0.3642327019300984,0.3040427161398591,0.3317245819300425,0.0,0.0,2.33,3.49,2.77,1.62,2.21,0.0,3.0,V
2026-09-19,Corum,Alanyaspor,T1,2026-09-19 10:39,0.473342849493765,0.266964378759287,0.259692771746948,0.5206450126415074,0.5585607735188668,2-1,0.4758271458752928,0.2652712126276539,0.2589016414970532,0.0,0.2197802197802197,2.07,3.3,3.31,1.97,1.77,1.0,2.0,V
2026-09-19,Kocaelispor,Gaziantep,T1,2026-09-19 10:39,0.4128951419790946,0.3252755457001471,0.2618293123207581,0.3951879695802364,0.5084481376364759,1-0,0.415276711836577,0.3250333558628043,0.2596899323006187,0.0772200772200772,0.1325503355704698,2.19,3.12,3.23,2.24,1.59,2.0,0.0,L
2026-09-19,Ath Bilbao,Alaves,SP1,2026-09-19 10:39,0.5983579248911477,0.2463579704492296,0.1552841046596224,0.5006221999706248,0.5245643307833556,1-0,0.5984088691771455,0.2463290879864716,0.1552620428363828,0.0017316017316017,0.0104947526236881,1.63,3.87,5.26,1.87,1.86,0.0,0.0,E
2026-09-19,Andorra,Sp Gijon,SP2,2026-09-19 10:39,0.4870070441089195,0.2710679746556907,0.2419249812353897,0.5004418764544271,0.5433961897080366,1-1,0.4867681117465304,0.2712041669051501,0.2420277213483194,0.0249221183800623,0.0,1.99,3.39,3.45,1.88,1.83,1.0,3.0,V
2026-09-19,Den Haag,Cambuur,N1,2026-09-19 10:39,0.5705231345375106,0.2273173329560963,0.2021595325063931,0.6226380379700135,0.6351955838075048,2-1,0.570544276212853,0.2273068979357246,0.2021488258514223,0.0446960667461263,0.0471014492753623,1.76,3.95,3.87,1.46,2.58,1.0,1.0,E
2026-09-19,Gil Vicente,Maritimo,P1,2026-09-19 10:39,0.4788298222400432,0.2847457064668263,0.2364244712931305,0.3973544130181896,0.5116168284692607,1-1,0.47852684131977,0.2848687827520741,0.2366043759281558,0.057471264367816,0.0,1.95,3.27,3.84,2.23,1.6,1.0,1.0,E
2026-09-19,Nacional,Famalicao,P1,2026-09-19 10:39,0.196022289403593,0.2758991031435308,0.5280786074528762,0.4742760706089551,0.5125325565078707,1-1,0.1955643178509834,0.2761881307350627,0.5282475514139539,0.0559440559440559,0.0,3.5,3.28,2.05,2.04,1.71,0.0,4.0,V
2026-09-19,Paris FC,Strasbourg,F1,2026-09-19 10:39,0.5070058096830563,0.2658593402013451,0.2271348501155986,0.5714819110685879,0.5994577118921105,1-1,0.5070794230112479,0.2658152555296231,0.2271053214591291,0.115473441108545,0.1217603061401983,2.0,3.67,3.4,1.61,2.23,2.0,1.0,L
2026-09-19,Sampdoria,Catanzaro,I2,2026-09-19 10:39,0.4836138053670658,0.2707188519952525,0.2456673426376818,0.4714130917745328,0.5371415381909744,1-1,0.4786407965386788,0.2739964029227836,0.2473628005385376,0.3041526374859708,0.0,2.05,3.28,3.38,1.98,1.76,2.0,1.0,L
2026-09-19,Atromitos,Kifisia,G1,2026-09-19 10:39,0.4422156213282661,0.3040871112519364,0.2536972674197975,0.4507195000539244,0.5126565213509847,1-0,0.4421849600609323,0.3040995313027185,0.2537155086363492,0.0423076923076923,0.0364077669902912,1.98,3.25,3.59,2.1,1.67,1.0,2.0,V
2026-09-19,Roma,Inter,I1,2026-09-19 10:39,0.3559687111363095,0.2858082686243384,0.3582230202393521,0.6391142986045049,0.602857480288575,1-1,0.3559687111363095,0.2858082686243384,0.3582230202393521,0.0,0.0,2.62,3.49,2.55,1.61,2.25,2.0,2.0,E
2026-09-19,Charleroi,Cercle Brugge,B1,2026-09-19 10:39,0.5421023002082839,0.2574773233633282,0.2004203764283878,0.6156364825114299,0.607503289055832,1-1,0.5429430394429671,0.2571261139908403,0.1999308465661927,0.0558659217877094,0.2137834036568213,1.73,3.88,3.99,1.54,2.35,3.0,2.0,L
2026-09-19,Stuttgart,Dortmund,D1,2026-09-19 10:39,0.3584316674819962,0.2526531504344694,0.3889151820835343,0.7069088583111982,0.7051083001929802,1-1,0.3579664051898059,0.2528779323148072,0.3891556624953868,0.1551224651040295,0.1171937284081849,2.36,3.76,2.66,1.38,2.94,0.0,1.0,V
2026-09-19,Nott'm Forest,Coventry,E0,2026-09-19 10:39,0.6026762096472958,0.2375534236962301,0.159770366656474,0.5530336454940875,0.5436144188398255,1-1,0.6027672477614896,0.2375216762949281,0.1597110759435822,0.0288184438040345,0.0539265251095382,1.58,4.02,5.54,1.75,2.01,0.0,1.0,V
2026-09-19,Aris,Iraklis,G1,2026-09-19 10:39,0.618211809741124,0.239254980662815,0.1425332095960608,0.4685987284447941,0.4935635905214801,1-0,0.6187299411228664,0.2390059543805257,0.1422641044966078,0.0,0.1269265639165911,1.61,3.65,5.11,1.98,1.76,0.0,0.0,E
2026-09-19,Celta,Santander,SP1,2026-09-19 10:39,0.5452972501588734,0.2514302852828869,0.2032724645582395,0.6097478012066043,0.5985067198919086,2-1,0.5458666015017881,0.2511903493679188,0.2029430491302931,0.0,0.0930232558139534,1.81,3.85,4.02,1.63,2.2,5.0,0.0,L
2026-09-19,Castellon,Tenerife,SP2,2026-09-19 10:39,0.599828589935596,0.2430427866601044,0.1571286234042995,0.5302312906337615,0.5090455415088193,1-0,0.5994884227241677,0.2434018626509697,0.1571097146248625,0.0473372781065088,0.0220913107511045,1.52,4.0,5.47,1.74,1.99,5.0,0.0,L
2026-09-19,Eldense,Eibar,SP2,2026-09-19 10:39,0.3291745496364681,0.3094050859047894,0.3614203644587425,0.4387364588917671,0.4974619850309839,0-1,0.3291745496364681,0.3094050859047894,0.3614203644587425,0.0,0.0,2.89,3.1,2.38,2.11,1.66,1.0,2.0,V
2026-09-19,Sparta Rotterdam,Heerenveen,N1,2026-09-19 10:39,0.3153303451489243,0.2858404399330713,0.3988292149180045,0.6418725911423668,0.6186483538802329,1-1,0.3180379667358208,0.2851356690358718,0.3968263642283073,0.0708191126279863,0.157644824311491,2.44,3.65,2.55,1.48,2.54,0.0,4.0,V
2026-09-19,Kilmarnock,Hearts,SC0,2026-09-19 10:39,0.1639840237703844,0.2211859776859094,0.6148299985437061,0.6151141434008849,0.6207223857311611,1-1,0.1653205774519005,0.2204315543338122,0.6142478682142872,0.0,0.1532001815705855,4.59,4.04,1.64,1.53,2.38,1.0,1.0,E
2026-09-19,Alverca,Rio Ave,P1,2026-09-19 10:39,0.4779051453726862,0.2861309473304801,0.2359639072968337,0.469133215844187,0.5248434609682956,1-1,0.4789864011064371,0.285636192319211,0.2353774065743518,0.0,0.1535553980628396,1.86,3.45,3.95,1.97,1.77,1.0,0.0,L
2026-09-19,Buyuksehyr,Genclerbirligi,T1,2026-09-19 10:39,0.6222166544680674,0.2304439507073705,0.1473393948245621,0.5600133418140048,0.5427825458696217,1-0,0.6208652585343473,0.2323069256087724,0.1468278158568803,0.047682119205298,0.097053726169844,1.49,4.24,5.52,1.59,2.24,4.0,0.0,L
2026-09-19,Trabzonspor,Galatasaray,T1,2026-09-19 10:39,0.2905456522973657,0.2498893506919119,0.4595649970107225,0.6989381187299621,0.704734072917176,1-1,0.2908893631818343,0.2490560362514596,0.460054600566706,0.1033369214208826,0.249514091350826,2.92,3.77,2.07,1.42,2.7,4.0,0.0,L
2026-09-19,Ascoli,Avellino,I2,2026-09-19 10:39,0.4522823185459015,0.3101765377722683,0.2375411436818301,0.4816763476958487,0.5145544487581314,1-0,0.4526805341926175,0.3099517916358549,0.2373676741715275,0.0314960629921259,0.0871687587168758,2.06,3.31,3.34,1.9,1.82,3.0,1.0,L
2026-09-19,Metz,St Etienne,F2,2026-09-19 10:39,0.2303302959338174,0.2819525377385359,0.4877171663276465,0.5575752345129852,0.6040029406481544,1-1,0.2303764290296997,0.2819314924307465,0.4876920785395537,0.0012870012870012,0.0075018754688672,3.36,3.48,1.98,1.72,2.02,2.0,2.0,E
2026-09-19,Ajax,Excelsior,N1,2026-09-19 10:39,0.7914098665394019,0.1443051563740851,0.0642849770865128,0.7624082091530022,0.5824914702884519,2-1,0.7912228056189665,0.1443612434762405,0.0644159509047929,0.1220850480109739,0.0,1.2,6.82,10.04,1.24,3.82,2.0,2.0,E
2026-09-19,Dresden,Hertha,D2,2026-09-19 10:39,0.3196373128289884,0.2644914204250388,0.4158712667459727,0.671474030391738,0.6810096559278607,1-1,0.3187377596432366,0.264943774039176,0.4163184663175874,0.0814876723777685,0.0,2.65,3.86,2.23,1.41,2.71,1.0,2.0,V
2026-09-19,Anderlecht,Waregem,B1,2026-09-19 10:39,0.591185320852984,0.2473020871215089,0.1615125920255071,0.5714010684079666,0.5967711695579345,1-1,0.5910647887415709,0.2473656200321847,0.1615695912262444,0.0906183368869936,0.0704500978473581,1.74,3.7,4.14,1.68,2.09,3.0,0.0,L
2026-09-19,Lommel SK,Mechelen,B1,2026-09-19 10:39,0.2886468650891844,0.2968298395892971,0.4145232953215184,0.4933119008264317,0.5806632135722123,1-1,0.282724440219101,0.2987499436827698,0.4185256160981292,0.572265625,0.1971153846153846,2.57,3.45,2.48,1.71,2.06,0.0,0.0,E
2026-09-19,Angers,Troyes,F1,2026-09-19 10:39,0.4140684984407345,0.3080556533614297,0.2778758481978358,0.4685539352100862,0.5372146323276271,1-1,0.4112921186110686,0.3074336054340065,0.2812742759549248,0.028125,0.1613704071499503,2.19,3.31,3.25,1.97,1.77,2.0,0.0,L
2026-09-19,Le Mans,Lorient,F1,2026-09-19 10:39,0.3214917908666845,0.274600369704287,0.4039078394290284,0.5598806611880432,0.5868792708351059,1-1,0.3214917908666845,0.274600369704287,0.4039078394290284,0.0,0.0,2.64,3.39,2.56,1.76,1.98,2.0,1.0,L
2026-09-19,Lyon,Rennes,F1,2026-09-19 10:39,0.4506864925174803,0.2707007452791976,0.2786127622033221,0.6282982774656081,0.6471505175975416,1-1,0.4506864925174803,0.2707007452791976,0.2786127622033221,0.0,0.0,2.09,3.72,3.09,1.52,2.44,4.0,0.0,L
2026-09-19,Toulouse,Le Havre,F1,2026-09-19 10:39,0.5524875854571415,0.2684620654563582,0.1790503490865003,0.5372259124915107,0.561947646318901,1-0,0.5529302324936076,0.2682431125508649,0.1788266549555275,0.0,0.086021505376344,1.71,3.77,4.62,1.78,1.96,3.0,2.0,L
2026-09-19,Venezia,Lazio,I1,2026-09-19 10:39,0.2440899732931165,0.2777757674686427,0.4781342592382408,0.5051488336421093,0.5819312570730902,1-1,0.2421999829719473,0.2788765413680626,0.47892347565999,0.2410675850193715,0.0609732264999022,3.67,3.57,1.97,1.76,2.0,0.0,2.0,V
2026-09-19,Willem II,For Sittard,N1,2026-09-19 10:39,0.370411274227007,0.272753946080707,0.356834779692286,0.6002488088718603,0.6155306477014438,1-1,0.369840880787263,0.2730644401327037,0.3570946790800334,0.184757505773672,0.1390532544378698,2.47,3.69,2.49,1.51,2.44,0.0,1.0,V
2026-09-19,Sevilla,Barcelona,SP1,2026-09-19 10:39,0.0734972561980011,0.1301674270645134,0.7963353167374855,0.7242407386697426,0.6073047111929047,1-2,0.0732380313739695,0.1303236290825186,0.7964383395435118,0.0887049083382613,0.0396825396825396,11.92,7.42,1.19,1.24,3.83,1.0,3.0,V
2026-09-19,Cadiz,Girona,SP2,2026-09-19 10:39,0.2254223188732308,0.2661425106257195,0.5084351705010497,0.4992542073608866,0.5212483525483308,1-1,0.2245393301535805,0.2675521316335367,0.5079085382128828,0.1086587436332767,0.0,3.61,3.43,1.93,1.87,1.84,1.0,2.0,V
2026-09-19,Sp Lisbon,Arouca,P1,2026-09-19 10:39,0.8336016413835317,0.1187750495647158,0.0476233090517525,0.7185424611782644,0.5265445111476288,3-0,0.8336065483636105,0.1187386507965591,0.0476548008398304,0.0462107208872458,0.0,1.2,6.44,11.85,1.4,2.79,2.0,2.0,E
2026-09-20,Feyenoord,Utrecht,N1,2026-09-19 10:39,0.7672668252609283,0.1562386019698717,0.0764945727692001,0.7025794332455804,0.5896428273667242,2-1,0.7675744356709356,0.156001267492165,0.0764242968368992,0.1755801262278745,0.2177672955974842,1.25,5.9,8.88,1.3,3.33,5.0,0.0,L
2026-09-20,Fiorentina,Napoli,I1,2026-09-19 10:39,0.3020469875551316,0.2850342985642206,0.4129187138806478,0.502565701688732,0.5569985820601915,1-1,0.3052895961010191,0.2832931419702412,0.4114172619287396,0.0185902401239349,0.2890173410404624,3.15,3.39,2.21,1.84,1.91,1.0,1.0,E
2026-09-20,Wolves,West Brom,E1,2026-09-19 10:39,0.5404481104014681,0.2703701525426891,0.1891817370558427,0.5024548990727783,0.5308958174784568,1-1,0.5400152571634916,0.2704924738537811,0.1894922689827272,0.0,0.0691443388072601,1.81,3.63,4.25,1.84,1.9,1.0,0.0,L
2026-09-20,Celtic,Rangers,SC0,2026-09-19 10:39,0.4372392982328039,0.2709449531050107,0.2918157486621852,0.631020510073813,0.6399268715001989,1-1,0.4371443464496955,0.2707317816977666,0.2921238718525378,0.1689189189189189,0.1479986545576858,2.16,3.63,2.98,1.52,2.42,0.0,1.0,V
2026-09-20,Antwerp,St. Gilloise,B1,2026-09-19 10:39,0.1579410949298697,0.226970546502629,0.6150883585675012,0.5695935735861981,0.5237154313876988,0-1,0.1582506132252336,0.226773485164232,0.6149759016105345,0.0819000819000819,0.1163287086446104,4.99,3.93,1.6,1.72,2.02,0.0,2.0,V
2026-09-20,Bielefeld,Heidenheim,D2,2026-09-19 10:39,0.4954570232532458,0.2480850342236488,0.2564579425231052,0.6232957244159739,0.632368388285477,1-1,0.4964099298500504,0.2475547815361546,0.256035288613795,0.0,0.079155672823219,2.04,3.64,3.1,1.53,2.35,2.0,2.0,E
2026-09-20,Cottbus,St Pauli,D2,2026-09-19 10:39,0.2595807144170953,0.2426278838962489,0.4977914016866556,0.7374963325809231,0.6857081790285611,1-1,0.2594535854696694,0.2426838494413026,0.4978625650890279,0.0896860986547085,0.0763989262853603,2.95,3.75,2.06,1.41,2.72,1.0,1.0,E
2026-09-20,Hannover,Bochum,D2,2026-09-19 10:39,0.4928138996635191,0.2673658773027595,0.2398202230337214,0.6684865263665469,0.611543100902176,1-1,0.4934852450537395,0.2669823134025469,0.2395324415437136,0.0290697674418604,0.1963350785340314,1.77,3.92,3.74,1.44,2.6,2.0,1.0,L
2026-09-20,Getafe,Malaga,SP1,2026-09-19 10:39,0.4510719916416325,0.3127526467460946,0.2361753616122728,0.3598529652819881,0.4527804876995683,1-0,0.4500044112249625,0.3141370349046438,0.2358585538703936,0.1300108342361863,0.021680216802168,2.02,3.03,4.06,2.67,1.44,1.0,0.0,L
2026-09-20,Sabadell,Oviedo,SP2,2026-09-19 10:39,0.3928902339663441,0.3351087130784875,0.2720010529551684,0.3566730953357294,0.4279573335918904,0-0,0.3928902339663441,0.3351087130784875,0.2720010529551684,0.0,0.0,2.29,2.92,3.2,2.61,1.44,3.0,1.0,L
2026-09-20,Norwich,Bolton,E1,2026-09-19 10:39,0.5866745273523283,0.2300619870196526,0.1832634856280189,0.6314226229343092,0.5584401197899079,1-1,0.5866390236054925,0.230066536751945,0.1832944396425624,0.0386922035209905,0.0263991552270327,1.52,4.44,5.39,1.51,2.44,3.0,4.0,V
2026-09-20,AZ Alkmaar,Telstar,N1,2026-09-19 10:39,0.7744363836327347,0.1595133168918524,0.0660502994754128,0.7035146213443384,0.5602035175949494,1-1,0.7737154803227525,0.1598708983598828,0.0664136213173648,0.2938901778808971,0.0,1.24,6.29,9.06,1.27,3.5,1.0,0.0,L
2026-09-20,Twente,PSV Eindhoven,N1,2026-09-19 10:39,0.3274735143052484,0.2393942336610649,0.4331322520336866,0.756873038850506,0.6873849655205131,1-2,0.3275242544986821,0.2393688624231716,0.4331068830781463,0.1551389786683904,0.1585515907892423,2.77,4.0,2.14,1.26,3.61,3.0,2.0,L
2026-09-20,Bournemouth,Liverpool,E0,2026-09-19 10:39,0.2753754590487126,0.2672062976491829,0.4574182433021044,0.6380693241945194,0.6425074338982925,1-1,0.2757325733583775,0.2670281672397658,0.4572392594018565,0.1218344791576016,0.1563106796116505,3.05,3.78,2.13,1.52,2.53,0.0,1.0,V
2026-09-20,Leeds,Crystal Palace,E0,2026-09-19 10:39,0.5763546774716951,0.2524815260388169,0.1711637964894879,0.5425197870847033,0.5724969682434573,1-1,0.5771027984141579,0.2520695191340927,0.1708276824517494,0.052754263280579,0.1640193370165746,1.74,3.79,4.49,1.73,2.03,0.0,0.0,E
2026-09-20,Man City,Sunderland,E0,2026-09-19 10:39,0.775137755289033,0.1607159882739627,0.0641462564370042,0.6052431261719944,0.4559153376538265,2-0,0.7751471109329467,0.1607312512557687,0.0641216378112845,0.0524475524475524,0.0830111709318596,1.29,5.56,9.39,1.56,2.32,5.0,3.0,L
2026-09-20,Auxerre,Brest,F1,2026-09-19 10:39,0.2842804466892782,0.2959502752854692,0.4197692780252524,0.5384010436343521,0.588507825658776,1-1,0.2842754867718094,0.2959525747123728,0.4197719385158178,0.0581140350877193,0.057471264367816,2.79,3.5,2.36,1.75,1.99,2.0,1.0,L
2026-09-20,Frosinone,Como,I1,2026-09-19 10:39,0.1082593430785349,0.207241400825947,0.684499256095518,0.6940869628524858,0.5413597313078529,1-1,0.1084589540755451,0.2071165315084253,0.6844245144160295,0.0,0.0373726992432028,5.71,4.45,1.51,1.45,2.63,2.0,0.0,L
2026-09-20,Parma,Genoa,I1,2026-09-19 10:39,0.2760251458893664,0.3286566041911108,0.3953182499195227,0.3767380140396495,0.4880492454053511,1-1,0.2760417350155397,0.328647740882689,0.3953105241017712,0.0402063928164578,0.0426035502958579,3.05,3.01,2.46,2.41,1.53,2.0,1.0,L
2026-09-20,Arezzo,Sudtirol,I2,2026-09-19 10:39,0.4236569870174915,0.3116003338887245,0.2647426790937839,0.4052086844897116,0.5274043968745408,1-1,0.423865695629859,0.3114919855084655,0.2646423188616755,0.0,0.0267159884915741,2.2,3.08,3.22,2.28,1.56,1.0,4.0,V
2026-09-20,Verona,Vicenza,I2,2026-09-19 10:39,0.5066964872124519,0.2694984914812398,0.2238050213063082,0.5293850402117328,0.5742351499581172,1-1,0.5062019906026795,0.2696996178667757,0.2240983915305449,0.110809115617813,0.0236220472440944,1.85,3.51,3.75,1.8,1.9,2.0,1.0,L
2026-09-20,Leverkusen,RB Leipzig,D1,2026-09-19 10:39,0.4952967582584968,0.2576831699498588,0.2470200717916444,0.7289070908822455,0.6671392437814031,1-1,0.4951409596820968,0.2577467184238036,0.2471123218940995,0.1455452749766088,0.122963418383031,1.96,4.03,3.2,1.33,3.15,2.0,0.0,L
2026-09-20,St Truiden,Westerlo,B1,2026-09-19 10:39,0.6211677471010392,0.2205027394433514,0.1583295134556092,0.6971449760182364,0.6292996903383028,1-1,0.6177600865910592,0.2254148540711421,0.1568250593377987,0.0745661605206073,0.1192463629859289,1.65,4.1,4.29,1.41,2.7,0.0,2.0,V
2026-09-20,Levadeiakos,Olympiakos,G1,2026-09-19 10:39,0.0826845022865563,0.1769602216277451,0.7403552760856985,0.5170648037911664,0.4823910940773722,0-1,0.0831523629405955,0.1766095192075407,0.7402381178518637,0.0,0.0948766603415559,7.81,4.4,1.35,1.86,1.84,0.0,1.0,V
2026-09-20,Erzurumspor,Samsunspor,T1,2026-09-19 10:39,0.3751517132758015,0.2895126824829746,0.3353356042412238,0.4595036401776206,0.5261225801303674,1-1,0.3765335648953412,0.287291988853781,0.3361744462508778,0.0,0.1196392416712681,2.58,3.21,2.57,1.99,1.74,1.0,0.0,L
2026-09-20,Fenerbahce,Eyupspor,T1,2026-09-19 10:39,0.8280371440322735,0.1238064636124787,0.0481563923552477,0.7149864060587642,0.5164060498553202,2-0,0.8280304228974933,0.1237857845324507,0.0481837925700559,0.1275382971143569,0.0869565217391304,1.18,6.44,12.0,1.42,2.67,8.0,0.0,L
2026-09-20,Ath Madrid,Real Madrid,SP1,2026-09-19 10:39,0.2612077830881496,0.2622108099278545,0.4765814069839958,0.6820289906069832,0.7042236726181561,1-1,0.2616552307574606,0.2619916758632398,0.4763530933792996,0.0,0.0472602739726027,3.43,3.8,1.95,1.43,2.69,2.0,1.0,L
2026-09-20,Ceuta,Valladolid,SP2,2026-09-19 10:39,0.3023996110271396,0.3011269633926994,0.3964734255801609,0.4783479092132487,0.5359661147552877,1-1,0.3042374705955118,0.3016106479618781,0.3941518814426101,0.0619469026548672,0.0491803278688524,2.54,3.24,2.55,1.94,1.78,1.0,1.0,E
2026-09-20,Estrela,Academico Viseu,P1,2026-09-19 10:39,0.4808056195703575,0.2759980059279454,0.243196374501697,0.4844925954435144,0.5361536028570533,1-1,0.4787553771536956,0.2761041850413544,0.2451404378049499,0.2594514455151964,0.0517330574236937,2.11,3.27,3.33,2.03,1.72,0.0,2.0,V
2026-09-20,Guimaraes,Moreirense,P1,2026-09-19 10:39,0.6135756775430107,0.2372957545906727,0.1491285678663166,0.5010507633673151,0.4852927952194387,1-1,0.6135756775430107,0.2372957545906727,0.1491285678663166,0.0,0.0,1.51,4.02,6.09,1.9,1.82,1.0,1.0,E
2026-09-20,Nijmegen,Go Ahead Eagles,N1,2026-09-19 10:39,0.5011080292313514,0.249754409375323,0.2491375613933255,0.6798535369403998,0.6627733651055981,1-1,0.5129172414199811,0.2459262745895263,0.2411564839904926,0.2909579230080573,0.0225225225225225,1.92,4.0,3.29,1.33,3.13,1.0,1.0,E
2026-09-20,Volos NFC,AEK,G1,2026-09-19 10:39,0.1121568774364616,0.1760956423498992,0.7117474802136391,0.5957590933575716,0.4660575129195068,0-2,0.1110074583947492,0.1768273840999857,0.7121651575052649,0.1614086573734409,0.0139211136890951,8.09,4.72,1.32,1.69,2.06,1.0,2.0,V
2026-09-20,Nice,Lille,F1,2026-09-19 10:39,0.2455072339274913,0.2765229937897976,0.477969772282711,0.5188669705441514,0.5475113484532774,1-1,0.2454001956919576,0.2765866949334945,0.4780131093745479,0.0845272206303724,0.0745033112582781,3.48,3.45,2.04,1.85,1.86,2.0,1.0,L
2026-09-20,Mantova,Pisa,I2,2026-09-19 10:39,0.2962452999922629,0.2942342284165791,0.4095204715911578,0.484416348326678,0.5417696486643487,1-1,0.2972098214159561,0.2937513177244144,0.4090388608596294,0.0359066427289048,0.073633087889707,2.67,3.25,2.44,1.92,1.8,2.0,2.0,E
2026-09-20,Schalke 04,Elversberg,D1,2026-09-19 10:39,0.4633371300731068,0.2794766059313164,0.2571862639955768,0.6129921471776345,0.6289713915237134,1-1,0.4635538037454115,0.2793549792313253,0.2570912170232631,0.0070492034400112,0.0292850990525409,2.02,3.66,3.32,1.49,2.52,0.0,0.0,E
2026-09-20,Fulham,Man United,E0,2026-09-19 10:39,0.2514216230872366,0.2686409923169897,0.4799373845957737,0.6184409958417777,0.6392438346091198,1-1,0.2520557417122614,0.2683322244555655,0.479612033832173,0.0012600806451612,0.0757329871253921,3.36,3.71,2.0,1.55,2.35,1.0,1.0,E
2026-09-20,OFI Crete,Asteras Tripolis,G1,2026-09-19 10:39,0.3890315688728859,0.3162216514444323,0.2947467796826818,0.377670480930013,0.5207742848155278,1-1,0.389134566832417,0.3161347968966655,0.2947306362709174,0.0666666666666666,0.0984555984555984,2.15,3.16,3.17,2.2,1.61,2.0,2.0,E
2026-09-20,Juventus,Atalanta,I1,2026-09-19 10:39,0.5987091425657112,0.2419325890045281,0.1593582684297607,0.5334015437411029,0.5588426562941846,1-1,0.5973274933429444,0.2427359862249525,0.159936520432103,0.2761181979654448,0.0894392844857241,1.69,3.77,4.84,1.82,1.92,2.0,0.0,L
2026-09-20,Club Brugge,Genk,B1,2026-09-19 10:39,0.5918220029680404,0.2324697242522587,0.1757082727797008,0.707547098053625,0.6222711135649962,2-1,0.5912356403293694,0.2328601917934146,0.175904167877216,0.1658291457286432,0.0548223350253807,1.47,4.6,5.33,1.38,2.86,3.0,0.0,L
2026-09-20,Kalamata,Panathinaikos,G1,2026-09-19 10:39,0.1093103326233605,0.183974295248317,0.7067153721283224,0.5644980189615812,0.5075213760533133,1-1,0.1097279512101853,0.1837176427714231,0.7065544060183915,0.0,0.063030303030303,7.97,4.61,1.33,1.74,1.99,0.0,1.0,V
2026-09-20,La Coruna,Betis,SP1,2026-09-19 10:39,0.271778322435545,0.2706546933781959,0.457566984186259,0.5437590428992184,0.5728031921339893,1-1,0.2716806393253078,0.2707104883790684,0.4576088722956237,0.0086355785837651,0.0,3.32,3.51,2.07,1.79,1.94,1.0,1.0,E
2026-09-20,Villarreal,Levante,SP1,2026-09-19 10:39,0.6166222314851041,0.2196518909118367,0.1637258776030591,0.6480288955653003,0.5831654570139996,2-1,0.6166222314851041,0.2196518909118367,0.1637258776030591,0.0,0.0,1.49,4.6,5.53,1.46,2.58,3.0,1.0,L
2026-09-20,Almeria,Celta B,SP2,2026-09-19 10:39,0.7297663040504482,0.1825012556098378,0.0877324403397138,0.650985509374437,0.5693597593823437,2-1,0.7308029923381087,0.1821676504176144,0.0870293572442768,0.0,0.3715596330275229,1.37,4.64,7.06,1.58,2.25,2.0,0.0,L
2026-09-20,Las Palmas,Burgos,SP2,2026-09-19 10:39,0.4307621442790182,0.3222119971509076,0.2470258585700742,0.420791073140077,0.4941811058900606,1-0,0.4306509924989163,0.3222742782035824,0.2470747292975013,0.0168350168350168,0.0,2.01,3.18,3.62,2.11,1.66,1.0,2.0,V
2026-09-20,Estoril,Casa Pia,P1,2026-09-19 10:39,0.5623903965698024,0.2582452482369902,0.1793643551932074,0.5406145573695749,0.528352744542594,1-1,0.5623903965698024,0.2582452482369902,0.1793643551932074,0.0,0.0,1.75,3.59,4.36,1.88,1.84,1.0,2.0,V
2026-09-20,Santa Clara,Sp Braga,P1,2026-09-19 10:39,0.2363417736925963,0.2956335198510535,0.46802470645635,0.3842904249818452,0.4589158784859339,1-1,0.2356904037650692,0.2960430946887681,0.4682665015461627,0.163322445170322,0.0998003992015968,3.66,3.11,2.05,2.42,1.51,0.0,0.0,E
2026-09-20,Amedspor,Besiktas,T1,2026-09-19 10:39,0.2206480269128692,0.2430014482012648,0.536350524885866,0.6030326157664828,0.6082455823236766,1-1,0.2198307339269393,0.2433933648545322,0.5367759012185285,0.0941006152732537,0.0,3.82,3.71,1.79,1.63,2.18,3.0,2.0,L
2026-09-20,Goztep,Rizespor,T1,2026-09-19 10:39,0.40035172691456,0.2886704714402722,0.3109778016451676,0.5597600357859815,0.5886823946186472,1-1,0.3994834297706481,0.2890620677938774,0.3114545024354742,0.1381031613976705,0.025,2.28,3.36,2.83,1.73,2.01,2.0,2.0,E
2026-09-20,Kortrijk,Beveren,B1,2026-09-19 10:39,0.3373128128951448,0.2845193512151648,0.3781678358896903,0.538202048028454,0.5772791509542565,1-1,0.3374129931416401,0.2844618808203893,0.3781251260379706,0.0535331905781584,0.0619962802231866,2.54,3.43,2.5,1.68,2.1,1.0,0.0,L
2026-09-20,Paderborn,Hoffenheim,D1,2026-09-19 10:39,0.1601749694783849,0.2294062639873708,0.6104187665342443,0.6820185754450517,0.6314798505965156,1-1,0.161136826303518,0.2289279238092001,0.6099352498872819,0.0268706076891277,0.1566114967075992,4.31,4.34,1.65,1.4,2.86,3.0,1.0,L
2026-09-20,Modena,Empoli,I2,2026-09-19 10:39,0.5698594674987143,0.2590387104109101,0.1711018220903755,0.5036688593768303,0.5253993869943717,1-0,0.5693570881553778,0.2593358344640151,0.171307077380607,0.0717948717948717,0.0,1.65,3.61,4.86,1.85,1.86,2.0,1.0,L
2026-09-20,Panetolikos,PAOK,G1,2026-09-19 10:39,0.1632892262524326,0.2390034210689902,0.5977073526785771,0.5394157438067979,0.5514682944415704,0-1,0.1650006412366216,0.2378951777211405,0.5971041810422378,0.0483271375464684,0.2169117647058823,5.25,3.8,1.56,1.79,1.93,1.0,3.0,V
2026-09-20,Marseille,Paris SG,F1,2026-09-19 10:39,0.1192562362924002,0.1817986003646045,0.6989451633429951,0.7196506092256536,0.6255383992101843,1-1,0.119084931014744,0.1818938847157166,0.6990211842695393,0.0247456695078361,0.0,6.72,5.18,1.38,1.36,3.01,1.0,2.0,V
2026-09-20,Milan,Lecce,I1,2026-09-19 10:39,0.8088547695141347,0.1457821373260565,0.0453630931598086,0.5622334574259826,0.4323601838736716,1-0,0.8089863599638593,0.1457497506059828,0.0452638894301577,0.0,0.1575757575757575,1.25,5.58,11.46,1.63,2.21,3.0,0.0,L
2026-09-20,Valencia,Sociedad,SP1,2026-09-19 10:39,0.3165053284022327,0.3138149233191077,0.3696797482786595,0.4822936063297455,0.5453466651865375,1-1,0.3155015138128288,0.3135812997762411,0.37091718641093,0.1012743125419181,0.0028745957599712,2.68,3.35,2.52,1.88,1.85,2.0,3.0,V
2026-09-20,Leganes,Granada,SP2,2026-09-19 10:39,0.4498061057137464,0.3116566085196157,0.2385372857666378,0.3934730572839778,0.5099753497437887,1-1,0.4498061057137464,0.3116566085196157,0.2385372857666378,0.0,0.0,1.99,3.12,3.77,2.27,1.57,3.0,2.0,L
2026-09-20,Porto,Benfica,P1,2026-09-19 10:39,0.3321296679145463,0.3146066729191891,0.3532636591662645,0.5033846512009689,0.5689393766890819,1-1,0.33061784695285,0.3153567084833153,0.3540254445638346,0.1957831325301204,0.0,2.6,3.35,2.5,1.81,1.92,3.0,1.0,L
2026-09-25,Girona,Albacete,SP2,2026-09-25 11:31,0.604620723652705,0.2372980890176272,0.1580811873296677,0.6129721414477585,0.5551797982012328,1-0,0.6047171280784068,0.2372654526231171,0.1580174192984761,0.0,0.0286532951289398,1.49,4.2,5.48,1.57,2.27,2.0,0.0,L
2026-09-26,Ceuta,Sociedad B,SP2,2026-09-25 11:31,0.4281511797643405,0.2923907409486407,0.2794580792870189,0.5287301018493883,0.5855035663878975,1-1,0.4276500456017922,0.2926647308682524,0.2796852235299554,0.0619469026548672,0.0087719298245614,2.16,3.42,2.96,1.73,2.0,3.0,1.0,L
2026-09-26,Granada,Andorra,SP2,2026-09-25 11:31,0.4719152222264727,0.2913928699565981,0.2366919078169292,0.4512335903414651,0.5470169258215313,1-1,0.472096483124742,0.2912993573898222,0.2366041594854357,0.0,0.0249221183800623,2.16,3.26,3.14,1.96,1.76,2.0,3.0,V
2026-09-26,Celta B,Sabadell,SP2,2026-09-25 11:31,0.273111950267569,0.3108711403503534,0.4160169093820775,0.4698212251894212,0.5165425182759876,0-1,0.2658365258709281,0.311140402475603,0.4230230716534688,0.3715596330275229,0.0,2.95,3.26,2.24,1.96,1.76,1.0,1.0,E
2026-09-26,Tenerife,Cadiz,SP2,2026-09-25 11:31,0.4673141792065239,0.2883936565424561,0.2442921642510199,0.3858632253255281,0.4721144210843522,1-0,0.4679074984773743,0.2880794212562471,0.2440130802663787,0.0220913107511045,0.1086587436332767,1.9,3.14,4.02,2.33,1.54,1.0,1.0,E
2026-09-27,Valladolid,Cordoba,SP2,2026-09-25 11:31,0.4384004640549583,0.2840710284161199,0.2775285075289216,0.5279540218104096,0.5773211026784686,1-1,0.4381577034624772,0.284206586307235,0.2776357102302877,0.0491803278688524,0.025,2.18,3.35,2.99,1.81,1.91,3.0,1.0,L
2026-09-27,Mallorca,Almeria,SP2,2026-09-25 11:31,0.4567022266467893,0.2904969787811736,0.252800794572037,0.5024503822630618,0.5597626877413601,1-1,0.4566374314101349,0.2905273944368876,0.2528351741529775,0.0099601593625498,0.0,2.06,3.26,3.33,1.85,1.85,0.0,1.0,V
2026-09-27,Burgos,Eldense,SP2,2026-09-25 11:31,0.444049163937156,0.3142041090936801,0.2417467269691639,0.4312673940867509,0.5077996006731578,1-0,0.444049163937156,0.3142041090936801,0.2417467269691639,0.0,0.0,1.9,3.25,3.83,2.1,1.66,1.0,0.0,L
2026-09-27,Eibar,Las Palmas,SP2,2026-09-25 11:31,0.4415784938146559,0.3032239673876934,0.2551975387976504,0.5023553801256563,0.5225593707539458,1-0,0.4417027611542692,0.3031548028972799,0.2551424359484509,0.0,0.0168350168350168,1.92,3.28,3.76,1.91,1.8,3.0,2.0,L
2026-09-27,Oviedo,Sp Gijon,SP2,2026-09-25 11:31,0.4704227447611491,0.2978730995690275,0.2317041556698232,0.4142553447939578,0.4951990374783028,1-1,0.4704227447611491,0.2978730995690275,0.2317041556698232,0.0,0.0,1.98,3.13,3.74,2.29,1.56,2.0,0.0,L
2026-09-28,Leganes,Castellon,SP2,2026-09-25 11:31,0.2944668639651809,0.3033610046636509,0.4021721313711681,0.4943106172811404,0.5579749388454724,1-1,0.2918537442280352,0.2992300971042,0.4089161586677649,0.0,0.0473372781065088,2.89,3.25,2.26,1.83,1.87,0.0,2.0,V
2026-10-02,Eldense,Oviedo,SP2,2026-10-02 12:14,0.3933105894645254,0.3140739265966111,0.2926154839388635,0.3698954437717615,0.4498521368913155,0-1,0.3933105894645254,0.3140739265966111,0.2926154839388635,0.0,0.0,2.43,2.94,2.96,2.48,1.49,4.0,1.0,L
2026-10-03,Albacete,Eibar,SP2,2026-10-02 12:14,0.3400110477563018,0.3040751957389185,0.3559137565047796,0.4577793096781302,0.5400638165514725,1-1,0.3396909148432556,0.3042704028303452,0.3560386823263992,0.0286532951289398,0.0,2.65,3.28,2.44,1.87,1.83,1.0,3.0,V
2026-10-03,Almeria,Burgos,SP2,2026-10-02 12:14,0.6219910899894143,0.2325698343060166,0.145439075704569,0.4808041316886205,0.511882258660619,1-1,0.6219910899894143,0.2325698343060166,0.145439075704569,0.0,0.0,1.59,3.71,5.18,1.87,1.84,2.0,1.0,L
2026-10-03,Cadiz,Leganes,SP2,2026-10-02 12:14,0.3136910402455801,0.3290566924938243,0.3572522672605954,0.4122797240419861,0.4913032198336529,1-1,0.3126741397758245,0.3296870695048299,0.3576387907193456,0.1086587436332767,0.0,2.78,3.1,2.44,2.2,1.61,4.0,0.0,L
2026-10-03,Sabadell,Andorra,SP2,2026-10-02 12:14,0.4523271952609644,0.2957729854313392,0.2518998193076962,0.4242373190347643,0.5261794519497696,1-0,0.4525094950454799,0.2956758524151891,0.251814652539331,0.0,0.0249221183800623,2.04,3.18,3.48,2.04,1.7,,,
2026-10-04,Sociedad B,Granada,SP2,2026-10-02 12:14,0.3640504915035078,0.2935373353539957,0.3424121731424965,0.4842938145897816,0.552616155548341,1-1,0.3633092816282134,0.2935016582803353,0.343189060091451,0.0087719298245614,0.0,2.46,3.23,2.64,1.91,1.81,2.0,3.0,V
2026-10-04,Sp Gijon,Celta B,SP2,2026-10-02 12:14,0.596663291560576,0.2418680642285326,0.1614686442108914,0.537779358075379,0.5256465562294844,1-1,0.5990610490506829,0.2405770687648361,0.160361882184481,0.0,0.3715596330275229,1.52,3.98,5.4,1.72,2.0,3.0,2.0,L
2026-10-04,Castellon,Ceuta,SP2,2026-10-02 12:14,0.7685948580016765,0.156937689560872,0.0744674524374515,0.6969492149413926,0.5587222367323027,2-0,0.767645602587719,0.1578758132052354,0.0744785842070456,0.0473372781065088,0.0619469026548672,1.24,5.88,8.88,1.35,2.96,1.0,1.0,E
2026-10-04,Las Palmas,Valladolid,SP2,2026-10-02 12:14,0.418973347965703,0.310334293998888,0.2706923580354089,0.4726313058918574,0.5188175876267435,1-0,0.4190973779694147,0.3103044847767902,0.270598137253795,0.0168350168350168,0.0491803278688524,2.14,3.2,3.22,1.99,1.74,2.0,2.0,E
2026-10-04,Girona,Mallorca,SP2,2026-10-02 12:14,0.3812051825353511,0.3076112312010007,0.3111835862636481,0.5145193513819187,0.5514722578223392,1-0,0.3812754244344735,0.3075752616220069,0.3111493139435197,0.0,0.0099601593625498,2.15,3.34,3.03,1.8,1.92,0.0,0.0,E
2026-10-05,Cordoba,Tenerife,SP2,2026-10-02 12:14,0.4627532448994679,0.2874898490060289,0.2497569060945032,0.4867441836932347,0.5491634910267243,1-1,0.4627303445613527,0.2875021423194066,0.2497675131192407,0.025,0.0220913107511045,1.91,3.37,3.63,1.82,1.89,3.0,2.0,L
2026-10-09,Braunschweig,Holstein Kiel,D2,2026-10-09 12:55,0.2885652772503693,0.2646920594006838,0.4467426633489467,0.6160212992736492,0.6224763570627978,1-1,0.2893296164652453,0.2643202078770033,0.4463501756577514,0.0570539419087136,0.1342491414299094,2.7,3.7,2.25,1.46,2.55,,,
2026-10-09,Heidenheim,Kaiserslautern,D2,2026-10-09 12:55,0.4624526197832136,0.2786524465603475,0.2588949336564389,0.6459163435937586,0.6279319302090087,1-1,0.4639349128627275,0.2780143788254772,0.2580507083117954,0.079155672823219,0.2814814814814815,1.91,3.65,3.48,1.48,2.48,,,
2026-10-09,Galatasaray,Kasimpasa,T1,2026-10-09 12:55,0.7957923928697561,0.1454486741147737,0.05875893301547,0.6644983817962808,0.5169340661030699,2-0,0.7941352875110503,0.1465484252487862,0.0593162872401633,0.0,0.1184573002754821,1.24,5.69,9.59,1.46,2.55,,,
2026-10-09,Moreirense,Gil Vicente,P1,2026-10-09 12:55,0.1997835598512712,0.2988032687016949,0.5014131714470339,0.3970826907881375,0.5168707018715212,1-1,0.2001095771371684,0.2986491090120024,0.501241313850829,0.0,0.057471264367816,3.2,3.08,2.29,2.33,1.55,,,
2026-10-09,Dunkerque,Annecy,F2,2026-10-09 12:55,0.399437094106919,0.2837523175902068,0.3168105883028741,0.5047944727790578,0.5837157317354994,1-1,0.3996581861784749,0.2836355614517981,0.316706252369727,0.0218340611353711,0.0449438202247191,2.18,3.39,2.96,1.76,1.97,,,
2026-10-09,Montpellier,Grenoble,F2,2026-10-09 12:55,0.5853273434886733,0.2589184583857426,0.1557541981255839,0.4813178756660755,0.4816976832695495,1-0,0.585281423703495,0.2589449057572138,0.1557736705392912,0.0083752093802345,0.0,1.58,3.71,5.43,1.95,1.77,,,
2026-10-09,Nancy,Guingamp,F2,2026-10-09 12:55,0.4688448751280624,0.2842112658617384,0.2469438590101993,0.5126537006010247,0.5728984777515521,1-1,0.4704124601046118,0.2832821181492927,0.2463054217460953,0.0774647887323943,0.2188841201716738,1.93,3.46,3.57,1.78,1.94,,,
2026-10-09,Pau FC,Laval,F2,2026-10-09 12:55,0.4206073038565047,0.2978926823337922,0.2815000138097031,0.4837051669695415,0.5471550939028422,1-1,0.4257234495949819,0.2975766936281482,0.2766998567768698,0.0,0.1057906458797327,2.0,3.3,3.47,1.91,1.81,,,
2026-10-09,Sochaux,Boulogne,F2,2026-10-09 12:55,0.3206655376381876,0.3488597412550518,0.3304747211067604,0.3843074407665009,0.4159265573824393,0-0,0.3208774804300686,0.3487703523073552,0.3303521672625761,0.0,0.048780487804878,2.25,3.15,3.07,2.2,1.61,,,
2026-10-09,PSV Eindhoven,Heerenveen,N1,2026-10-09 12:55,0.7660176814295165,0.1502937597301541,0.0836885588403292,0.8154542561638018,0.6111971780397957,3-1,0.7660173480509768,0.150292842394768,0.0836898095542553,0.1585515907892423,0.157644824311491,1.26,6.41,7.7,1.16,4.72,,,
2026-10-09,Dortmund,Werder Bremen,D1,2026-10-09 12:55,0.7559680313834823,0.1634162680243641,0.0806157005921535,0.6927347383987742,0.5648179696162748,2-0,0.7561524545932139,0.1634840791371538,0.0803634662696323,0.1171937284081849,0.3153669724770642,1.32,5.57,8.15,1.37,2.98,,,
2026-10-09,Avellino,Sampdoria,I2,2026-10-09 12:55,0.3004704118203009,0.3151188916025919,0.3844106965771072,0.447593668919777,0.5392021688695382,1-1,0.3021302642274641,0.3143933041577805,0.3834764316147553,0.0557880055788005,0.3041526374859708,2.59,3.18,2.56,1.96,1.75,,,
2026-10-09,Beveren,Lommel SK,B1,2026-10-09 12:55,0.4650552047668697,0.2915006625547063,0.243444132678424,0.5975597797424935,0.5892369292502373,1-1,0.4701588174269113,0.2885950338577332,0.2412461487153555,0.0619962802231866,0.572265625,1.8,3.79,3.86,1.55,2.33,,,
2026-10-09,Lens,Lyon,F1,2026-10-09 12:55,0.3651699547516075,0.2861802521729973,0.3486497930753952,0.6234395788410745,0.6355532877847215,1-1,0.3621670262262101,0.2870763531948038,0.350756620578986,0.1855314960629921,0.0,2.38,3.68,2.7,1.51,2.46,,,
2026-10-09,West Ham,QPR,E1,2026-10-09 12:55,0.6717665175795854,0.2057777169678607,0.1224557654525537,0.6603664867014682,0.5714184623639502,2-0,0.6718281884198437,0.2057811903296967,0.1223906212504596,0.0373831775700934,0.0745454545454545,1.45,4.68,6.18,1.51,2.46,,,
2026-10-09,Malaga,Espanol,SP1,2026-10-09 12:55,0.2770083145433896,0.295172867184694,0.4278188182719165,0.4464639407626527,0.540686585656207,1-1,0.2768783104107615,0.2952390377543523,0.427882651834886,0.021680216802168,0.0054773082942097,2.8,3.18,2.57,2.0,1.76,,,
2026-10-09,Sp Braga,Sp Lisbon,P1,2026-10-09 12:55,0.2566470953563118,0.2575902541005823,0.4857626505431057,0.4908390640874594,0.5535877008238426,1-1,0.2555333300318787,0.2581859520982086,0.4862807178699126,0.0998003992015968,0.0,3.04,3.25,2.28,2.0,1.74,,,
2026-10-10,Genclerbirligi,Amedspor,T1,2026-10-09 12:55,0.2706867832628637,0.2778150214588095,0.4514981952783268,0.5586554946628948,0.5992483946901794,1-2,0.2694924640718406,0.2772308538258684,0.4532766821022909,0.0693240901213171,0.0941006152732537,2.99,3.46,2.17,1.74,2.0,,,
2026-10-10,Darmstadt,Cottbus,D2,2026-10-09 12:55,0.3870668192763793,0.2502771292975346,0.362656051426086,0.6671519892501762,0.7010345007489653,1-1,0.3869020935366449,0.2503307616649591,0.3627671447983959,0.1097345132743362,0.0896860986547085,2.17,3.79,2.76,1.37,2.87,,,
2026-10-10,Magdeburg,Hannover,D2,2026-10-09 12:55,0.3099352261412255,0.2639672696920204,0.426097504166754,0.6933112636644184,0.6843086833942753,1-1,0.3116628483601917,0.2706182454784357,0.4177189061613724,0.0226586102719033,0.0290697674418604,2.45,3.84,2.38,1.34,3.02,,,
2026-10-10,Osnabruck,Dresden,D2,2026-10-09 12:55,0.2988730197429848,0.2705227290294715,0.4306042512275436,0.647512310197956,0.622871108418226,1-1,0.2996683344878269,0.2701450086819919,0.4301866568301812,0.0,0.0814876723777685,2.56,3.61,2.37,1.51,2.4,,,
2026-10-10,Arsenal,Leeds,E0,2026-10-09 12:55,0.7637581757491368,0.1762771317666008,0.0599646924842622,0.523539306125974,0.4596711077447071,1-0,0.7636776003840039,0.1762742547747477,0.0600481448412484,0.1578947368421052,0.052754263280579,1.38,4.78,7.89,1.79,1.96,,,
2026-10-10,Charlton,Bristol City,E1,2026-10-09 12:55,0.236474294332182,0.2940486928259678,0.4694770128418502,0.4807187038156336,0.5288520255240126,1-1,0.2373770955496864,0.2954121372110436,0.4672107672392699,0.0042393410852713,0.0646725949878739,3.13,3.29,2.27,2.04,1.73,,,
2026-10-10,Swansea,Norwich,E1,2026-10-09 12:55,0.3551169861841923,0.2917120627276784,0.3531709510881293,0.5090003287103418,0.5949239688608169,1-1,0.3553603404526665,0.2928761721657528,0.3517634873815807,0.0138721908813465,0.0386922035209905,2.36,3.52,2.8,1.7,2.08,,,
2026-10-10,West Brom,Birmingham,E1,2026-10-09 12:55,0.361478206708737,0.311688024207054,0.326833769084209,0.4462853165096903,0.5261185295652847,1-1,0.3613891634723271,0.311732755308683,0.3268780812189898,0.0691443388072601,0.056857855361596,2.35,3.36,2.94,1.94,1.8,,,
2026-10-10,Clermont,Red Star,F2,2026-10-09 12:55,0.1900736355254083,0.2887406392920469,0.5211857251825448,0.4997273874895576,0.5298608310558784,1-1,0.190012153983425,0.2893285436582815,0.5206593023582934,0.108433734939759,0.0210084033613445,3.44,3.3,2.0,1.94,1.77,,,
2026-10-10,Nantes,Reims,F2,2026-10-09 12:55,0.423188392304517,0.2979854187884995,0.2788261889069833,0.4904722755087602,0.5493839540796387,1-1,0.4247004970383889,0.2974026756495719,0.2778968273120392,0.0370226032735775,0.1923816852635629,2.06,3.37,3.22,1.83,1.89,,,
2026-10-10,Vallecano,Ath Bilbao,SP1,2026-10-09 12:55,0.2736228379854343,0.3156659723104832,0.4107111897040825,0.4764448913527715,0.5449678564022714,1-1,0.2731031402554837,0.3159397107513416,0.4109571489931747,0.0736902705814623,0.0017316017316017,2.7,3.34,2.55,1.86,1.86,,,
2026-10-10,Genoa,Fiorentina,I1,2026-10-09 12:55,0.2195175443513222,0.274367899567598,0.5061145560810797,0.4317178186935048,0.5371480403043416,1-1,0.2194354694942851,0.2744105414897715,0.5061539890159433,0.029585798816568,0.0185902401239349,3.18,3.26,2.27,2.02,1.75,,,
2026-10-10,Benevento,Cesena,I2,2026-10-09 12:55,0.4567559447437407,0.290804879759424,0.2524391754968352,0.5508598307488042,0.5698238276964206,1-1,0.4573443215098643,0.2905064716969047,0.2521492067932309,0.0164179104477611,0.0971922246220302,1.85,3.52,3.77,1.78,1.95,,,
2026-10-10,Empoli,Palermo,I2,2026-10-09 12:55,0.1980238394347895,0.2756552794893711,0.5263208810758392,0.5584618049202278,0.5852421848416255,1-1,0.1980992416798365,0.275611995441325,0.5262887628788385,0.0,0.0096006144393241,3.47,3.49,1.94,1.74,1.99,,,
2026-10-10,Sudtirol,Ascoli,I2,2026-10-09 12:55,0.3084165950244945,0.3089898897914228,0.3825935151840827,0.4863303455718344,0.5338949709783022,1-1,0.308452702932051,0.308971081743679,0.3825762153242699,0.0267159884915741,0.0314960629921259,2.37,3.18,2.82,1.96,1.77,,,
2026-10-10,Virtus Entella,Juve Stabia,I2,2026-10-09 12:55,0.4387587298435793,0.3137147158725021,0.2475265542839186,0.4320417384970227,0.5047600286095535,1-1,0.4385938692992008,0.313821351708884,0.247584778991915,0.0163094128611369,0.0,2.05,3.15,3.55,2.07,1.68,,,
2026-10-10,Alanyaspor,Erzurumspor,T1,2026-10-09 12:55,0.439480635347652,0.3137261137887538,0.2467932508635941,0.3502621911131734,0.4914117009074641,1-0,0.4382651305480585,0.3142732883730589,0.2474615810788826,0.2197802197802197,0.0,1.96,3.24,3.76,2.2,1.61,,,
2026-10-10,Samsunspor,Trabzonspor,T1,2026-10-09 12:55,0.1956614363048026,0.2570746479208902,0.5472639157743071,0.5783319064563738,0.5999809227674072,1-1,0.194962775507556,0.2574485839254982,0.5475886405669458,0.0920301859009755,0.0064585575888051,3.41,3.62,1.94,1.64,2.15,,,
2026-10-10,Augsburg,Bayern Munich,D1,2026-10-09 12:55,0.0632240602334576,0.1166644170770246,0.8201115226895177,0.7915875607701398,0.6092874257352677,1-2,0.062791545921905,0.1169284490187965,0.8202800050592984,0.0878928987194412,0.0,11.02,8.1,1.17,1.13,5.48,,,
2026-10-10,Hoffenheim,Hamburg,D1,2026-10-09 12:55,0.7128514505941772,0.1849888422912914,0.1021597071145313,0.648471912510412,0.5981927653719133,2-1,0.7127997984934138,0.1850164649919432,0.1021837365146429,0.1566114967075992,0.1459424083769633,1.41,5.0,6.39,1.38,2.91,,,
2026-10-10,Mainz,Leverkusen,D1,2026-10-09 12:55,0.2810621104711296,0.2651272535257672,0.4538106360031031,0.6839554454737604,0.683305840277494,1-1,0.280563394923375,0.2653975673243867,0.4540390377522382,0.1870066788099575,0.1455452749766088,2.88,3.83,2.17,1.42,2.72,,,
2026-10-10,Paderborn,Stuttgart,D1,2026-10-09 12:55,0.1332886238553623,0.2137550121047948,0.6529563640398429,0.6572704080360908,0.6169166585825853,1-1,0.1328016071155535,0.2131702100486799,0.6540281828357666,0.0268706076891277,0.1256254938109033,4.65,4.55,1.58,1.36,3.03,,,
2026-10-10,Union Berlin,Elversberg,D1,2026-10-09 12:55,0.3539543282863471,0.2896944427034439,0.3563512290102089,0.6187232851926898,0.6290068168657456,1-1,0.3528631188039002,0.29021262008756,0.3569242611085398,0.1563309725341164,0.0292850990525409,2.29,3.69,2.77,1.52,2.46,,,
2026-10-10,Cercle Brugge,Anderlecht,B1,2026-10-09 12:55,0.22250254093691,0.2650381574121065,0.5124593016509834,0.5916119821174786,0.5900711779591019,1-1,0.2211976993472582,0.2653176272145861,0.5134846734381556,0.2137834036568213,0.0906183368869936,3.41,3.65,1.95,1.62,2.19,,,
2026-10-10,Aston Villa,Brentford,E0,2026-10-09 12:55,0.304733013017367,0.2917273681058197,0.4035396188768134,0.5573461552192003,0.5989866810802307,1-1,0.3152615832551343,0.294952232954519,0.3897861837903466,0.2131004366812227,0.0010259917920656,2.62,3.5,2.54,1.67,2.11,,,
2026-10-10,Chelsea,Bournemouth,E0,2026-10-09 12:55,0.60331237075749,0.2280816557586918,0.1686059734838182,0.6249410862118276,0.603562518768234,1-1,0.6032755305951472,0.2281025016003712,0.1686219678044815,0.1261111111111111,0.1218344791576016,1.66,4.21,4.53,1.47,2.58,,,
2026-10-10,Ipswich,Fulham,E0,2026-10-09 12:55,0.2860216040045414,0.2801470721859125,0.433831323809546,0.530961862776869,0.5931018966412878,1-1,0.2840888529139889,0.2802188450466932,0.4356923020393178,0.1542883073665103,0.0,2.75,3.48,2.42,1.71,2.05,,,
2026-10-10,Sunderland,Brighton,E0,2026-10-09 12:55,0.27012512101196,0.288465777518986,0.441409101469054,0.5245917955035219,0.5575168431233045,1-1,0.2865666207254314,0.2848148469546307,0.4286185323199379,0.0830111709318596,0.3115161557580779,2.94,3.47,2.3,1.77,1.99,,,
2026-10-10,Blackburn,Cardiff,E1,2026-10-09 12:55,0.2885384881092976,0.3071876384879777,0.4042738734027246,0.6239650458618474,0.603197037825811,1-0,0.2883354133625818,0.307250209063001,0.4044143775744171,0.1011560693641618,0.0614334470989761,2.64,3.63,2.45,1.6,2.25,,,
2026-10-10,Bolton,Stoke,E1,2026-10-09 12:55,0.3038113198313673,0.2848912251329785,0.4112974550356541,0.5152676828803904,0.5767263428989089,1-1,0.3038047329659111,0.2848947359665496,0.4113005310675393,0.0263991552270327,0.0257334019557385,2.69,3.38,2.52,1.83,1.92,,,
2026-10-10,Derby,Wrexham,E1,2026-10-09 12:55,0.3102490493053739,0.2908422927929988,0.3989086579016273,0.4668721352303273,0.5476379133380666,1-1,0.3039939373869276,0.2956437495294632,0.4003623130836091,0.3143459915611814,0.0052910052910052,2.67,3.32,2.59,1.98,1.77,,,
2026-10-10,Middlesbrough,Wolves,E1,2026-10-09 12:55,0.4147319422142827,0.2804222719217654,0.3048457858639518,0.5806011759311869,0.6088491380716949,1-1,0.4147319422142827,0.2804222719217654,0.3048457858639518,0.0,0.0,2.22,3.67,2.92,1.6,2.25,,,
2026-10-10,Preston,Millwall,E1,2026-10-09 12:55,0.3030390395877965,0.2895294055782005,0.4074315548340029,0.5182198113186792,0.5645241037917211,1-1,0.3053871634519753,0.2879250963215588,0.4066877402264658,0.0,0.1451378809869375,2.81,3.44,2.39,1.8,1.94,,,
2026-10-10,Sheffield United,Lincoln,E1,2026-10-09 12:55,0.4131704841981973,0.3071161436933217,0.2797133721084811,0.4702519028543926,0.5322165282042081,1-1,0.413282452692078,0.3070556177694785,0.2796619295384435,0.0534521158129175,0.068075117370892,2.11,3.37,3.44,1.98,1.77,,,
2026-10-10,Watford,Burnley,E1,2026-10-09 12:55,0.2506979701523699,0.2790841630656398,0.4702178667819902,0.4684370448719148,0.568143616353944,1-1,0.2479562666305657,0.2794631886582499,0.4725805447111845,0.0265700483091787,0.0,2.99,3.48,2.26,1.77,1.98,,,
2026-10-10,Dundee United,Hibernian,SC0,2026-10-09 12:55,0.2996424615258793,0.2898480976447785,0.4105094408293421,0.5908991191195528,0.595043389974982,1-1,0.3018001081004522,0.2904713709743169,0.4077285209252307,0.0,0.1364829396325459,2.66,3.54,2.4,1.62,2.2,,,
2026-10-10,Falkirk,Dundee,SC0,2026-10-09 12:55,0.4414045606356973,0.2861885110948294,0.2724069282694734,0.5472632659403384,0.5880272049056726,1-1,0.4399740639981533,0.2857413858618053,0.2742845501400414,0.0,0.1453488372093023,2.03,3.49,3.42,1.73,2.02,,,
2026-10-10,Hearts,St Mirren,SC0,2026-10-09 12:55,0.6245849329814,0.2360613078285388,0.1393537591900611,0.6116325077094384,0.5253487271831394,1-0,0.6244439699492796,0.2360771286963124,0.139478901354408,0.0714934180662732,0.0,1.45,4.74,5.89,1.49,2.5,,,
2026-10-10,Rangers,Kilmarnock,SC0,2026-10-09 12:55,0.8716368982703276,0.0948624240916413,0.0335006776380309,0.712427686891426,0.5103996930775871,2-0,0.8716037335405563,0.0948206925004371,0.0335755739590065,0.1479986545576858,0.0,1.14,7.75,15.13,1.33,3.15,,,
2026-10-10,Alaves,Ath Madrid,SP1,2026-10-09 12:55,0.2126672258116007,0.2482962568032317,0.5390365173851674,0.534180251204912,0.5686463073536929,1-1,0.2125609891859378,0.2483575457422201,0.539081465071842,0.0104947526236881,0.0,4.23,3.69,1.8,1.8,1.94,,,
2026-10-10,Ceuta,Sabadell,SP2,2026-10-09 12:55,0.2566120317085351,0.3036682244277955,0.4397197438636693,0.4672384140282606,0.5170832764228046,0-1,0.2561567974416991,0.3039065583000675,0.4399366442582332,0.0619469026548672,0.0,3.09,3.19,2.2,2.01,1.73,,,
2026-10-10,Go Ahead Eagles,Sparta Rotterdam,N1,2026-10-09 12:55,0.515275972241685,0.2472391004608816,0.2374849272974333,0.675121180409095,0.6332064216961869,1-1,0.515592901300043,0.2471043855689978,0.2373027131309592,0.0225225225225225,0.0708191126279863,1.74,4.06,3.92,1.37,2.89,,,
2026-10-10,Casa Pia,Santa Clara,P1,2026-10-09 12:55,0.1649556528165411,0.2826802810671083,0.5523640661163506,0.4153088717272999,0.465974251307569,0-1,0.1664569443341203,0.2818562806939914,0.5516867749718881,0.0,0.163322445170322,4.31,3.28,1.85,2.28,1.57,,,
2026-10-10,Lille,Le Havre,F1,2026-10-09 12:55,0.7033231155186603,0.2061651921567641,0.0905116923245755,0.5932599297449224,0.5170137788913319,1-0,0.7033403632298163,0.2061619415705123,0.0904976951996714,0.0745033112582781,0.086021505376344,1.42,4.66,6.76,1.6,2.25,,,
2026-10-10,Vicenza,Pisa,I2,2026-10-09 12:55,0.2794268249616745,0.2656833901629516,0.4548897848753739,0.5385900377135621,0.6103444943351166,1-1,0.2799048936361472,0.2654579971489483,0.4546371092149044,0.0236220472440944,0.073633087889707,2.84,3.36,2.25,1.74,1.99,,,
2026-10-10,Inter,Parma,I1,2026-10-09 12:55,0.872821196084923,0.0980922212247814,0.0290865826902954,0.7114888649434126,0.4538191038453205,2-0,0.864923507318523,0.1026847780710034,0.0323917146104736,0.0,0.0402063928164578,1.13,8.38,17.13,1.33,3.16,,,
2026-10-10,Rizespor,Fenerbahce,T1,2026-10-09 12:55,0.1754246022376967,0.2247645195676066,0.5998108781946966,0.6534204964016324,0.613329404024992,1-2,0.1765092445488799,0.224159848952252,0.599330906498868,0.025,0.1275382971143569,4.36,3.88,1.67,1.63,2.15,,,
2026-10-10,RAAL La Louviere,Club Brugge,B1,2026-10-09 12:55,0.1274552984676634,0.1780977641888465,0.69444693734349,0.6271207073801199,0.5047989557288795,0-2,0.1240171597500057,0.1743945347355103,0.7015883055144839,0.0235294117647058,0.1658291457286432,6.54,4.82,1.38,1.47,2.55,,,
2026-10-10,RB Leipzig,Ein Frankfurt,D1,2026-10-09 12:55,0.611276945055395,0.2176537161466508,0.1710693387979542,0.6841512014016418,0.6234970939608055,2-1,0.6114734274192177,0.2175742679740506,0.1709523046067315,0.122963418383031,0.1585429314830876,1.55,4.73,4.74,1.28,3.51,,,
2026-10-10,Man United,Tottenham,E0,2026-10-09 12:55,0.5897354941277378,0.234425346110279,0.175839159761983,0.6366189678607341,0.6214455177011278,1-1,0.5899263086070077,0.2343459556516721,0.1757277357413202,0.0757329871253921,0.1128640776699029,1.69,4.16,4.37,1.49,2.52,,,
2026-10-10,AEK,OFI Crete,G1,2026-10-09 12:55,0.817831909755569,0.1336746848492668,0.048493405395164,0.6630486616262259,0.4935834844128725,2-0,0.8178446480693312,0.1336974063664928,0.048457945564176,0.0139211136890951,0.0666666666666666,1.21,5.77,10.33,1.48,2.5,,,
2026-10-10,Asteras Tripolis,Atromitos,G1,2026-10-09 12:55,0.3875217085616799,0.3123514045211134,0.3001268869172067,0.420607305304764,0.5006314261178311,1-1,0.3869410250429959,0.3127010564729764,0.3003579184840276,0.0984555984555984,0.0423076923076923,2.29,3.12,2.95,2.22,1.59,,,
2026-10-10,Barcelona,Getafe,SP1,2026-10-09 12:55,0.8888566695609527,0.0839484101585894,0.0271949202804578,0.7484117856104945,0.4356372126502624,2-0,0.8888509375511379,0.0839852715488201,0.0271637909000419,0.0396825396825396,0.1300108342361863,1.08,11.73,23.81,1.24,3.78,,,
2026-10-10,Eldense,Cordoba,SP2,2026-10-09 12:55,0.3803487719628649,0.281607951400366,0.3380432766367691,0.5947958096884208,0.602377377131112,1-1,0.3805687630591763,0.2815005387803738,0.3379306981604498,0.0,0.025,2.3,3.56,2.64,1.57,2.25,,,
2026-10-10,Feyenoord,AZ Alkmaar,N1,2026-10-09 12:55,0.5239983220882369,0.2472050439806815,0.2287966339310815,0.679581965691723,0.6781926856997876,2-1,0.5204711172917541,0.2484659151457046,0.2310629675625411,0.1755801262278745,0.2938901778808971,1.8,3.96,3.76,1.39,2.82,,,
2026-10-10,Maritimo,Porto,P1,2026-10-09 12:55,0.0872845010484537,0.1602893812324987,0.7524261177190474,0.4709974963319112,0.4875095126659944,0-2,0.0885055375789047,0.159443368665882,0.7520510937552132,0.0,0.1957831325301204,9.3,4.87,1.31,1.84,1.88,,,
2026-10-10,Arezzo,Cremonese,I2,2026-10-09 12:55,0.3015108045373154,0.2705512767701031,0.4279379186925814,0.4502768186943183,0.5391757324605219,1-1,0.3015108045373154,0.2705512767701031,0.4279379186925814,0.0,0.0,2.89,3.13,2.35,2.05,1.7,,,
2026-10-10,St Etienne,Rodez,F2,2026-10-09 12:55,0.7099808354007506,0.1816753185157479,0.1083438460835014,0.692504670626557,0.5896998195025045,2-1,0.7103984892823069,0.1814573658323852,0.1081441448853078,0.0075018754688672,0.0948905109489051,1.38,4.75,6.52,1.41,2.69,,,
2026-10-10,For Sittard,Twente,N1,2026-10-09 12:55,0.0973280344290095,0.1956706866299297,0.7070012789410608,0.6913548460349437,0.6139724523228132,1-1,0.0973159566529357,0.1954949316311689,0.7071891117158953,0.1213017751479289,0.1551389786683904,6.16,4.99,1.41,1.35,3.0,,,
2026-10-10,Nurnberg,Wolfsburg,D2,2026-10-09 12:55,0.3387648588055737,0.2662679135311608,0.3949672276632653,0.7045024340333669,0.7035756021501239,1-1,0.3402188417331708,0.2655568797600103,0.3942242785068189,0.143698468786808,0.2680965147453083,2.43,3.77,2.44,1.37,2.86,,,
2026-10-10,Genk,Kortrijk,B1,2026-10-09 12:55,0.6785621881760625,0.2064879054640105,0.1149499063599268,0.6530420516636772,0.5251911681854778,2-0,0.6785604491044468,0.2064876556613162,0.1149518952342369,0.0548223350253807,0.0535331905781584,1.42,4.54,6.31,1.53,2.37,,,
2026-10-10,Waregem,Gent,B1,2026-10-09 12:55,0.2904751193911344,0.2898096368768727,0.4197152437319929,0.490714880106229,0.5545551026562542,1-1,0.2904690251412952,0.2898128440781428,0.4197181307805619,0.0704500978473581,0.0698080279232111,2.77,3.31,2.38,1.88,1.84,,,
2026-10-10,Brest,Angers,F1,2026-10-09 12:55,0.4336558982460918,0.2933602238790576,0.2729838778748505,0.5829937484894381,0.5801020618660645,1-1,0.4334870056627424,0.293429618748505,0.2730833755887526,0.057471264367816,0.028125,1.98,3.61,3.53,1.72,2.04,,,
2026-10-10,Lorient,Paris FC,F1,2026-10-09 12:55,0.2182040854146286,0.2844058701224382,0.4973900444629332,0.5007829113514871,0.5544990103634776,1-1,0.2189157132286909,0.2841146187636104,0.4969696680076986,0.0,0.115473441108545,3.15,3.33,2.23,1.88,1.85,,,
2026-10-10,Monaco,Toulouse,F1,2026-10-09 12:55,0.564666163353008,0.2522520149506211,0.1830818216963708,0.5944214799318175,0.5707521421169536,1-1,0.5657289263245754,0.2501136686956319,0.1841574049797927,0.0794533608771651,0.0,1.59,4.22,5.03,1.55,2.34,,,
2026-10-10,Paris SG,Le Mans,F1,2026-10-09 12:55,0.8789488157498312,0.0888343224928795,0.0322168617572893,0.7886867848193401,0.4984464690861669,2-0,0.8789488157498312,0.0888343224928795,0.0322168617572893,0.0,0.0,1.08,11.3,22.06,1.2,4.24,,,
2026-10-10,Napoli,Frosinone,I1,2026-10-09 12:55,0.6770654317088527,0.2099745015596342,0.112960066731513,0.6186945677747305,0.5410641081285609,1-0,0.6734426694991311,0.2122275938344756,0.1143297366663933,0.1502890173410404,0.0,1.44,4.74,6.44,1.46,2.6,,,
2026-10-10,Ajax,Nijmegen,N1,2026-10-09 12:55,0.7470314870618556,0.1647190361802408,0.0882494767579036,0.7270935460447504,0.6004011050091669,2-1,0.7475510838978897,0.1644429757729502,0.0880059403291601,0.0054869684499314,0.1342882721575649,1.3,5.74,7.74,1.29,3.4,,,
2026-10-10,Real Madrid,Villarreal,SP1,2026-10-09 12:55,0.7080517685005281,0.1821134351048104,0.1098347963946615,0.7764541335647288,0.6307113661189265,2-1,0.7080170561846838,0.1821189037452488,0.1098640400700672,0.0164383561643835,0.0,1.36,5.61,6.69,1.26,3.64,,,
2026-10-10,Celta B,Sociedad B,SP2,2026-10-09 12:55,0.4206100716895544,0.2874572947747358,0.2919326335357097,0.536220008337369,0.5909801854157544,1-1,0.4174541457733431,0.2889670341899168,0.2935788200367401,0.3715596330275229,0.0087719298245614,2.22,3.4,2.89,1.7,2.05,,,
2026-10-10,Academico Viseu,Estoril,P1,2026-10-09 12:55,0.356138489317542,0.2965849212257102,0.3472765894567477,0.498479011441612,0.5577566618135182,1-1,0.3558273202256276,0.296692328120862,0.3474803516535104,0.0517330574236937,0.0,2.24,3.38,2.99,1.87,1.85,,,
2026-10-11,Utrecht,Willem II,N1,2026-10-09 12:55,0.5497967198741598,0.2441276254574672,0.2060756546683729,0.6116020651228572,0.536002996748673,2-0,0.5497231259121571,0.2441080256016123,0.2061688484862305,0.2177672955974842,0.184757505773672,1.48,4.53,5.58,1.44,2.62,,,
2026-10-11,Como,Roma,I1,2026-10-09 12:55,0.3492508422068056,0.2980719571898396,0.3526772006033548,0.5986623915620828,0.6090903610251347,1-1,0.3492508422068056,0.2980719571898396,0.3526772006033548,0.0,0.0,2.54,3.54,2.56,1.61,2.22,,,
2026-10-11,Konyaspor,Buyuksehyr,T1,2026-10-09 12:55,0.294089259538256,0.2863803588159249,0.419530381645819,0.5121198023109887,0.5831733818091659,1-1,0.2971021635413906,0.2856771452748355,0.417220691183774,0.0,0.047682119205298,2.6,3.4,2.45,1.74,1.99,,,
2026-10-11,Southampton,Portsmouth,E1,2026-10-09 12:55,0.6133105666060844,0.2296890736863498,0.1570003597075658,0.6110029619270709,0.5652955387854038,2-1,0.6122439599217299,0.2300558000777715,0.1577002400004987,0.3020903573836817,0.041511594617807,1.57,4.13,5.23,1.63,2.19,,,
2026-10-11,Motherwell,Celtic,SC0,2026-10-09 12:55,0.1769770568368657,0.2194164235686556,0.6036065195944788,0.6788218739662065,0.595891621947677,1-1,0.161073042108047,0.2171546379431944,0.6217723199487586,0.029673590504451,0.1689189189189189,4.77,4.37,1.57,1.44,2.64,,,
2026-10-11,Standard,Charleroi,B1,2026-10-09 12:55,0.2551925197094982,0.3050942287741547,0.4397132515163472,0.5492782449842001,0.5690007636067717,1-1,0.2543835517815147,0.3055270002615452,0.44008944795694,0.1596244131455399,0.0558659217877094,2.85,3.41,2.28,1.76,1.96,,,
2026-10-11,Bochum,Bielefeld,D2,2026-10-09 12:55,0.4023380001844841,0.2905634584602802,0.3070985413552355,0.5650643650444919,0.5956449816459726,1-1,0.4013990273754284,0.2910629175462363,0.3075380550783353,0.1963350785340314,0.0,2.23,3.48,2.82,1.64,2.14,,,
2026-10-11,Hertha,Greuther Furth,D2,2026-10-09 12:55,0.5998114848167362,0.2215885966769741,0.1785999185062896,0.7001038005435736,0.6243188471849206,2-1,0.6001717952284499,0.2214731852247464,0.1783550195468036,0.0,0.0853932584269663,1.55,4.34,4.65,1.37,2.86,,,
2026-10-11,St Pauli,Karlsruhe,D2,2026-10-09 12:55,0.514679816428241,0.2625491071849619,0.2227710763867971,0.6709941848144378,0.5897104932072446,1-1,0.5144011786828789,0.262673441264797,0.2229253800523239,0.0763989262853603,0.0304599451720986,1.68,4.09,4.05,1.42,2.68,,,
2026-10-11,Elche,Celta,SP1,2026-10-09 12:55,0.3180464898479828,0.2886993967660633,0.3932541133859538,0.4861961417301199,0.5371011961537011,1-1,0.3180464898479828,0.2886993967660633,0.3932541133859538,0.0,0.0,2.72,3.25,2.55,1.96,1.78,,,
2026-10-11,Andorra,Castellon,SP2,2026-10-09 12:55,0.3101931356883176,0.2860921282040333,0.4037147361076492,0.552190080120211,0.611558118365077,1-1,0.3104426826133301,0.2859538831097901,0.4036034342768798,0.0249221183800623,0.0473372781065088,2.89,3.42,2.2,1.6,2.21,,,
2026-10-11,Telstar,Den Haag,N1,2026-10-09 12:55,0.3999349437696848,0.2835040225239907,0.3165610337063245,0.5941784494448,0.6065957235059188,1-1,0.4001198850170327,0.2834773895447366,0.3164027254382307,0.0,0.0446960667461263,2.0,3.74,3.23,1.51,2.42,,,
2026-10-11,Zwolle,Cambuur,N1,2026-10-09 12:55,0.483567290965732,0.25899788605003,0.257434822984238,0.6011516604116927,0.6329888343967971,2-1,0.4824751836404447,0.2593673137678367,0.2581575025917186,0.2155854430379747,0.0471014492753623,1.92,3.84,3.38,1.48,2.51,,,
2026-10-11,Crystal Palace,Nott'm Forest,E0,2026-10-09 12:55,0.3035718747828982,0.2984949767505537,0.3979331484665481,0.4979216688814876,0.5560473527356605,1-1,0.3022480521476239,0.2991472741994468,0.3986046736529293,0.1640193370165746,0.0,2.59,3.33,2.64,1.86,1.87,,,
2026-10-11,Hull,Everton,E0,2026-10-09 12:55,0.2128171748883968,0.267817716941663,0.5193651081699401,0.5606729579151657,0.5195994930222122,0-1,0.2113162695362634,0.2687694282584124,0.5199143022053242,0.1568082572449384,0.0126806999746386,3.58,3.4,2.04,1.96,1.78,,,
2026-10-11,Nice,Strasbourg,F1,2026-10-09 12:55,0.4117997495696253,0.2787969932100133,0.3094032572203613,0.5354483842062634,0.5959788563238362,1-1,0.4122851083867717,0.2777351042055281,0.3099797874077,0.0845272206303724,0.1217603061401983,2.29,3.56,2.87,1.66,2.13,,,
2026-10-11,Lazio,Monza,I1,2026-10-09 12:55,0.5511909287789546,0.2602368573533424,0.1885722138677028,0.4524295541733015,0.5092476236345279,1-0,0.5544650044790287,0.2596828391990037,0.1858521563219675,0.0609732264999022,0.2416626389560174,1.57,3.98,5.66,1.84,1.9,,,
2026-10-11,Lecce,Bologna,I1,2026-10-09 12:55,0.1514894495439927,0.2516401730699744,0.5968703773860329,0.44545399660896,0.4989828735831049,0-1,0.1512583896136234,0.2517835076120068,0.5969581027743698,0.0363636363636363,0.0002306805074971,4.1,3.34,1.91,2.07,1.71,,,
2026-10-11,Catanzaro,Mantova,I2,2026-10-09 12:55,0.3652815776035024,0.2905660812145865,0.344152341181911,0.5550591625050347,0.59323884847053,1-1,0.3655238060539395,0.2904737547212115,0.3440024392248489,0.0,0.0359066427289048,2.29,3.34,2.81,1.73,2.0,,,
2026-10-11,Aberdeen,St Johnstone,SC0,2026-10-09 12:55,0.3839548663880625,0.3102608609436621,0.3057842726682754,0.4911504590571612,0.5446701298836228,1-1,0.3839548663880625,0.3102608609436621,0.3057842726682754,0.0,0.0,2.17,3.34,3.19,1.89,1.83,,,
2026-10-11,Gaziantep,Corum,T1,2026-10-09 12:55,0.3392042444709651,0.2824309804886616,0.3783647750403732,0.4806427803372473,0.5848559395356566,1-1,0.3339632454645473,0.2838467826626079,0.3821899718728448,0.1325503355704698,0.0,2.55,3.31,2.54,1.85,1.86,,,
2026-10-11,FC Koln,M'gladbach,D1,2026-10-09 12:55,0.4530285741788852,0.2740587209328457,0.2729127048882689,0.5965522978747531,0.6176363794958193,1-1,0.4692241366191347,0.2683089798777234,0.2624668835031418,0.0224215246636771,0.2201371346084446,2.0,3.89,3.22,1.47,2.56,,,
2026-10-11,St. Gilloise,Oud-Heverlee Leuven,B1,2026-10-09 12:55,0.8031512435613775,0.1518510321876734,0.0449977242509491,0.6785514837813956,0.4229077016933222,2-0,0.8031663632195868,0.1517881429820609,0.0450454937983524,0.1163287086446104,0.0258899676375404,1.23,5.92,9.76,1.42,2.67,,,
2026-10-11,Iraklis,Levadeiakos,G1,2026-10-09 12:55,0.3968876428251101,0.2880495120560308,0.315062845118859,0.3486446401872695,0.5082055565240697,1-1,0.3952257779320894,0.2885605580522452,0.3162136640156653,0.1042611060743427,0.0,2.2,3.02,3.19,2.34,1.53,,,
2026-10-11,Kifisia,Panetolikos,G1,2026-10-09 12:55,0.488666303231388,0.299498437212115,0.211835259556497,0.4299758275882986,0.5039906894940293,1-1,0.488774484948741,0.2994300186449731,0.2117954964062857,0.0364077669902912,0.0483271375464684,1.84,3.3,3.97,2.08,1.67,,,
2026-10-11,Sociedad,La Coruna,SP1,2026-10-09 12:55,0.5958885699770508,0.2477219458169659,0.1563894842059834,0.5768557143172724,0.5681305774785074,1-1,0.5959191177247456,0.2477061447152232,0.1563747375600311,0.0028745957599712,0.0086355785837651,1.61,3.93,5.19,1.72,2.04,,,
2026-10-11,Almeria,Leganes,SP2,2026-10-09 12:55,0.5786794057841067,0.2519334268758965,0.1693871673399966,0.546464590346848,0.5600937221807271,1-1,0.5786794057841067,0.2519334268758965,0.1693871673399966,0.0,0.0,1.61,3.88,4.65,1.65,2.12,,,
2026-10-11,Rio Ave,Nacional,P1,2026-10-09 12:55,0.4093013412476662,0.3016663599598083,0.2890322987925254,0.4271667569095889,0.529513042120326,1-1,0.4085820013196264,0.302016280577792,0.2894017181025815,0.1535553980628396,0.0559440559440559,2.25,3.24,3.09,2.05,1.7,,,
2026-10-11,Excelsior,Groningen,N1,2026-10-09 12:55,0.3088778339297895,0.2851351299451584,0.4059870361250519,0.6126282395736294,0.623690017060926,1-1,0.308211901978707,0.2765163730299543,0.4152717249913387,0.0,0.1210045662100456,2.51,3.62,2.48,1.53,2.38,,,
2026-10-11,Rennes,Auxerre,F1,2026-10-09 12:55,0.6957086858215559,0.1990471892717706,0.1052441249066734,0.6400974237568592,0.5608141250347467,1-1,0.6959337115771433,0.198931930946568,0.1051343574762886,0.0,0.0581140350877193,1.42,4.83,6.43,1.47,2.56,,,
2026-10-11,Padova,Carrarese,I2,2026-10-09 12:55,0.4321317383421544,0.3048488890334158,0.2630193726244297,0.4580919084099822,0.5426723058376092,1-1,0.4315879309477464,0.305150852202891,0.2632612168493625,0.0702402957486136,0.0,1.94,3.36,3.59,1.84,1.86,,,
2026-10-11,Freiburg,Schalke 04,D1,2026-10-09 12:55,0.5986097813846406,0.2422183232982235,0.1591718953171358,0.5951875044192666,0.5931147193371179,1-1,0.5984247616347662,0.2422884888668264,0.1592867494984073,0.0567644276253547,0.0070492034400112,1.64,3.98,4.83,1.58,2.28,,,
2026-10-11,Liverpool,Man City,E0,2026-10-09 12:55,0.2992830098596865,0.2803329886737611,0.4203840014665522,0.60800836813771,0.643662966267832,1-1,0.2984613020567629,0.2807353628378874,0.4208033351053495,0.1388349514563106,0.0524475524475524,2.62,3.64,2.44,1.54,2.37,,,
2026-10-11,Aris,Volos NFC,G1,2026-10-09 12:55,0.6008344803727049,0.2472624376141356,0.1519030820131593,0.4851700504697126,0.4898757618358716,1-0,0.6011431119066237,0.2471925705975257,0.1516643174958504,0.0,0.1614086573734409,1.48,4.0,5.91,1.82,1.89,,,
2026-10-11,Sassuolo,Milan,I1,2026-10-09 12:55,0.2111800610971442,0.2483711010575102,0.5404488378453456,0.597344273282637,0.5912280607487101,1-1,0.2094981803871686,0.2492766654586669,0.5412251541541645,0.1759235988941945,0.0,4.04,3.71,1.81,1.72,2.04,,,
2026-10-11,Besiktas,Kocaelispor,T1,2026-10-09 12:55,0.7461180268280394,0.1852168291687095,0.0686651440032512,0.5611649698402271,0.4844149974543807,1-0,0.7462940650660426,0.1851177126923399,0.0685882222416174,0.0,0.0772200772200772,1.26,5.21,9.8,1.59,2.25,,,
2026-10-11,Westerlo,Antwerp,B1,2026-10-09 12:55,0.388881180319978,0.2777679090990153,0.3333509105810068,0.6311647890691285,0.6166177666933651,1-1,0.3885657978634326,0.2779089819781425,0.3335252201584247,0.1192463629859289,0.0819000819000819,2.08,3.73,2.98,1.47,2.54,,,
2026-10-11,Betis,Osasuna,SP1,2026-10-09 12:55,0.5832149761443508,0.240125738886114,0.1766592849695351,0.5602385632377294,0.5044460428956783,1-1,0.5832149761443508,0.240125738886114,0.1766592849695351,0.0,0.0,1.53,4.17,5.63,1.72,2.04,,,
2026-10-11,Mallorca,Las Palmas,SP2,2026-10-09 12:55,0.5910088411094258,0.2503002667542486,0.1586908921363256,0.5214662104411995,0.5163372146892345,1-0,0.5910490594467772,0.2502769264945776,0.1586740140586451,0.0099601593625498,0.0168350168350168,1.54,3.93,5.25,1.75,1.97,,,
2026-10-11,Benfica,Guimaraes,P1,2026-10-09 12:55,0.82022033258496,0.1298308072861078,0.0499488601289321,0.6895846082229926,0.5315258469884072,2-0,0.82022033258496,0.1298308072861078,0.0499488601289321,0.0,0.0,1.21,6.15,11.59,1.44,2.61,,,
2026-10-11,Mechelen,St Truiden,B1,2026-10-09 12:55,0.2601589562411001,0.2687470454770101,0.4710939982818899,0.5790500097449566,0.5923193436013406,1-1,0.2575028359220476,0.2694305531819113,0.4730666108960411,0.1971153846153846,0.0745661605206073,3.14,3.51,2.08,1.63,2.17,,,
2026-10-11,Modena,Verona,I2,2026-10-09 12:55,0.4625687626060845,0.2932676880036735,0.244163549390242,0.4803773872730396,0.523456532509639,1-0,0.4624081452088707,0.2933587343075309,0.2442331204835983,0.0717948717948717,0.0522684507631193,1.95,3.29,3.63,1.97,1.74,,,
2026-10-11,Olympiakos,Panathinaikos,G1,2026-10-09 12:55,0.4190904386197344,0.3122794386868563,0.2686301226934093,0.4279486862586075,0.5027786291286054,1-0,0.4250422454037397,0.3122849492017012,0.262672805394559,0.0623475196530225,0.063030303030303,2.09,3.19,3.26,2.08,1.67,,,
2026-10-11,Troyes,Marseille,F1,2026-10-09 12:55,0.2120255661657562,0.2485232047002111,0.5394512291340327,0.5923817361302118,0.622429233820997,1-1,0.2105416158004334,0.2493603875711844,0.5400979966283821,0.1613704071499503,0.0247456695078361,3.66,3.81,1.88,1.57,2.3,,,
2026-10-11,Cagliari,Juventus,I1,2026-10-09 12:55,0.1006890893001286,0.2065277262926089,0.6927831844072625,0.5375989997124949,0.4916688285305721,0-1,0.102973262251555,0.2073988188519481,0.6896279188964967,0.1284175642087821,0.2632003875343129,6.13,3.89,1.55,1.95,1.79,,,
2026-10-11,Santander,Valencia,SP1,2026-10-09 12:55,0.4037406042503061,0.280509096138706,0.3157502996109878,0.5387256691387874,0.5995769910257049,1-1,0.4037216472708632,0.2805188264385838,0.3157595262905528,0.0930232558139534,0.0912139503688799,2.28,3.51,2.89,1.64,2.18,,,
2026-10-11,Cadiz,Sp Gijon,SP2,2026-10-09 12:55,0.3717005131875021,0.2949269241536566,0.3333725626588412,0.4697213816432433,0.5298245922925776,1-1,0.3705322450914785,0.295604810471896,0.3338629444366254,0.1086587436332767,0.0,2.43,3.15,2.74,2.05,1.69,,,
2026-10-11,Arouca,Estrela,P1,2026-10-09 12:55,0.4224167800816782,0.2939581229426131,0.2836250969757087,0.4913622998061097,0.5584001877034207,1-1,0.423837227918556,0.2935126883909187,0.2826500836905252,0.0,0.2594514455151964,2.09,3.37,3.28,1.84,1.89,,,
2026-10-12,Valladolid,Albacete,SP2,2026-10-09 12:55,0.4626986731193834,0.288465137871579,0.2488361890090375,0.4711035021327641,0.5442042317459813,1-1,0.4625047036171628,0.2885780764180125,0.2489172199648247,0.0491803278688524,0.0286532951289398,1.94,3.27,3.64,1.88,1.82,,,
2026-10-12,Burgos,Granada,SP2,2026-10-09 12:55,0.3596953649484449,0.3307867491792051,0.3095178858723499,0.4388536861828704,0.5202804695481926,1-0,0.3596953649484449,0.3307867491792051,0.3095178858723499,0.0,0.0,2.36,3.13,2.85,2.11,1.66,,,
2026-10-12,PAOK,Kalamata,G1,2026-10-09 12:55,0.7922510880692146,0.1460524593956338,0.0616964525351515,0.6831343340456472,0.5247907059955313,2-0,0.7922208198201166,0.1459141798006105,0.0618650003792728,0.1893382352941176,0.0,1.18,6.27,11.18,1.44,2.58,,,
2026-10-12,Atalanta,Venezia,I1,2026-10-09 12:55,0.6180111414071844,0.237387928325555,0.1446009302672605,0.5677581077406557,0.5606056621418123,2-0,0.6209706196284801,0.2366927898408134,0.1423365905307065,0.0,0.1420576840292725,1.55,4.18,5.52,1.54,2.38,,,
2026-10-12,Oviedo,Eibar,SP2,2026-10-09 12:55,0.4351341413103882,0.3231316421042008,0.2417342165854109,0.3901604392930077,0.4983861803700566,1-1,0.4351341413103882,0.3231316421042008,0.2417342165854109,0.0,0.0,2.2,3.08,3.14,2.15,1.64,,,
2026-10-12,Eyupspor,Goztep,T1,2026-10-09 12:55,0.17482633618302,0.2577651331641021,0.5674085306528779,0.5391045338757827,0.5838698412966067,1-1,0.1751725976866396,0.2575896347510105,0.5672377675623499,0.0869565217391304,0.1381031613976705,3.56,3.59,1.89,1.7,2.05,,,
2026-10-12,Dijon,Metz,F2,2026-10-09 12:55,0.3003650827507892,0.2827291922884179,0.4169057249607927,0.5546398334973215,0.5978139038481468,1-1,0.3001319610048595,0.2828461894908987,0.4170218495042417,0.0264084507042253,0.0012870012870012,2.59,3.4,2.42,1.69,2.05,,,
2026-10-12,Torino,Udinese,I1,2026-10-09 12:55,0.3972518413299092,0.3048143576708597,0.2979338009992309,0.4151430384406344,0.5262065309478265,1-1,0.3968066270813907,0.3050543718180671,0.2981390011005422,0.0818746470920384,0.0297422339722405,2.31,3.19,3.12,2.09,1.7,,,
2026-10-12,Coventry,Newcastle,E0,2026-10-09 12:55,0.283935736228183,0.2604231798177505,0.4556410839540665,0.5691752342631536,0.5984590689982751,1-1,0.2847933263935404,0.2579742984102305,0.457232375196229,0.0539265251095382,0.1682890612110212,3.25,3.58,2.08,1.63,2.19,,,
2026-10-12,Levante,Sevilla,SP1,2026-10-09 12:55,0.292491750139791,0.2993035857464873,0.4082046641137217,0.4742609807474968,0.543452414476115,1-1,0.293136526594266,0.2990169107566492,0.4078465626490847,0.0,0.0887049083382613,2.68,3.27,2.56,1.99,1.75,,,
2026-10-12,Tenerife,Girona,SP2,2026-10-09 12:55,0.3462655181195116,0.2971468958904648,0.3565875859900237,0.4340566718868757,0.4966551380409575,0-1,0.3459740375420853,0.2973328231810412,0.3566931392768734,0.0220913107511045,0.0,2.71,3.1,2.46,2.11,1.65,,,
2026-10-12,Famalicao,Alverca,P1,2026-10-09 12:55,0.497066376593511,0.2987871228763935,0.2041465005300952,0.463583977906598,0.4940016462378344,1-0,0.497066376593511,0.2987871228763935,0.2041465005300952,0.0,0.0,1.83,3.35,4.29,2.0,1.74,,,
